ID,x1,x2,x3,x4,x5,x6,x7,x8
1,1,1,2,2,2,1,2,2
1,1,2,4,2,1,1,1,1
1,1,1,1,1,1,1,1,1
1,1,2,1,1,1,1,1,1
1,1,1,2,1,2,1,1,2
1,1,1,2,1,1,1,1,1
1,1,1,1,2,2,1,1,1
1,2,2,1,2,2,1,1,1
1,2,2,1,2,2,1,3,2
1,1,1,2,1,1,1,1,2
2,4,4,1,5,4,3,4,3
2,5,4,4,5,3,4,3,4
2,2,2,2,3,1,3,2,2
2,4,3,2,3,4,3,3,4
2,4,4,2,5,5,2,5,3
2,3,3,4,3,3,4,5,2
2,2,4,3,4,4,4,4,3
2,3,2,2,3,2,2,4,3
2,3,3,2,3,3,4,4,2
2,3,4,4,4,2,3,5,3
3,2,3,3,2,3,2,3,1
3,1,2,2,3,2,1,3,2
3,1,2,2,3,1,1,2,3
3,1,1,1,1,2,2,2,3
3,1,1,1,2,1,1,1,1
3,1,1,3,2,2,1,2,2
3,1,2,3,2,1,1,1,2
3,1,1,2,1,1,1,1,1
3,1,1,2,1,2,1,1,1
3,2,2,1,3,2,2,2,4
4,1,2,2,1,1,1,2,1
4,2,3,1,2,2,1,2,2
4,1,2,3,3,3,1,1,1
4,2,3,4,4,4,1,3,4
4,2,3,3,3,5,2,4,3
4,3,4,3,2,2,1,4,3
4,3,4,3,4,4,3,4,4
4,2,2,1,3,3,2,2,2
4,2,4,1,2,2,1,3,2
4,2,3,3,2,3,2,2,3
5,3,2,4,4,5,3,2,3
5,4,1,3,4,4,3,4,3
5,3,1,2,3,3,3,2,2
5,2,1,1,1,1,2,1,1
5,3,2,2,3,5,2,3,2
5,2,1,3,1,2,2,1,2
5,2,1,1,2,3,1,1,2
5,4,2,2,4,4,3,3,1
5,2,2,1,3,4,3,2,3
5,1,1,1,1,1,1,1,1
6,2,5,2,4,3,3,4,5
6,1,1,3,2,1,1,2,1
6,4,4,2,4,2,1,2,4
6,2,3,3,3,2,1,3,2
6,1,1,2,1,2,1,1,1
6,1,3,1,3,3,1,4,4
6,2,1,1,1,2,1,1,2
6,1,1,1,2,1,1,1,1
6,1,1,1,2,1,1,1,2
6,1,2,2,1,2,1,2,2
7,4,2,1,2,2,1,3,3
7,3,2,3,2,1,2,2,3
7,3,2,3,3,3,1,3,1
7,3,3,4,4,5,2,3,3
7,4,5,4,4,4,3,4,3
7,3,4,4,5,5,5,5,4
7,4,4,3,4,4,2,4,4
7,3,3,4,4,4,4,3,2
7,3,2,3,5,4,2,4,2
7,3,4,5,5,4,3,4,2
8,2,1,1,1,2,1,1,1
8,1,1,2,1,3,3,1,1
8,1,1,1,1,2,1,1,1
8,1,1,1,1,2,1,1,1
8,3,4,3,3,4,1,4,1
8,4,3,4,4,5,3,4,1
8,1,1,1,1,2,1,1,1
8,2,1,2,1,3,2,1,1
8,2,1,1,2,2,1,2,1
8,1,2,2,3,2,1,1,1
9,1,2,1,1,1,1,1,1
9,2,2,1,2,2,1,3,1
9,2,2,2,1,2,1,3,3
9,1,2,2,3,3,1,3,1
9,1,2,1,2,2,2,3,1
9,1,2,1,1,1,1,1,1
9,1,2,1,2,2,1,2,1
9,1,1,2,1,1,1,2,2
9,1,2,1,2,2,1,2,1
9,1,2,2,1,2,2,2,1
10,1,2,1,2,1,1,1,2
10,1,2,1,2,2,1,2,1
10,3,2,3,4,3,4,3,3
10,3,5,2,4,3,2,4,2
10,1,3,4,3,4,4,4,4
10,2,5,1,3,4,2,4,3
10,2,2,2,2,3,2,3,2
10,1,3,3,3,2,3,4,2
10,4,5,3,4,4,4,4,4
10,3,3,2,3,3,4,3,3
11,2,2,1,2,3,1,1,1
11,1,2,2,1,2,1,2,2
11,3,3,2,2,2,2,2,1
11,1,1,1,1,1,1,1,1
11,1,1,2,1,1,1,1,1
11,1,2,1,2,1,2,1,2
11,1,1,1,1,1,1,2,1
11,2,2,1,1,1,1,3,1
11,1,1,1,2,1,1,2,1
11,1,1,3,2,2,1,1,1
12,3,3,5,4,5,3,4,4
12,4,2,4,4,3,3,4,4
12,2,3,4,3,3,1,2,1
12,4,4,4,4,4,5,4,1
12,2,2,3,4,4,4,4,3
12,5,4,3,3,3,4,5,3
12,4,4,2,5,4,3,5,4
12,3,5,4,4,4,4,5,3
12,3,3,4,4,3,2,5,2
12,4,4,3,3,4,3,5,4
13,1,1,1,1,1,1,3,1
13,1,1,2,2,1,1,1,2
13,2,3,1,2,2,1,2,1
13,2,2,1,2,2,1,2,2
13,3,4,1,4,3,2,4,3
13,2,3,2,2,1,1,2,2
13,3,1,2,2,2,1,3,3
13,1,1,1,1,1,1,1,1
13,1,1,1,1,2,1,3,1
13,2,3,1,3,4,1,3,1
14,4,5,2,5,4,1,3,2
14,1,3,2,3,2,1,3,1
14,4,5,3,4,2,2,4,2
14,1,5,4,4,4,1,4,3
14,2,4,4,4,4,2,4,3
14,3,4,3,3,2,1,4,4
14,4,5,3,4,3,2,4,2
14,2,5,4,4,4,2,4,4
14,3,3,3,4,3,3,4,3
14,3,5,3,4,3,2,5,3
15,2,5,4,4,3,2,3,2
15,2,3,3,5,4,1,3,2
15,2,2,3,3,2,2,3,1
15,2,5,3,4,4,3,5,3
15,4,4,2,4,4,3,5,3
15,3,3,4,4,4,2,3,2
15,3,4,4,4,4,2,5,3
15,4,3,4,3,4,2,3,3
15,3,4,5,5,4,4,5,4
15,2,2,5,2,3,1,2,3
16,2,1,2,1,1,1,1,1
16,2,2,2,1,1,1,2,2
16,1,2,2,2,2,2,2,2
16,2,1,1,1,2,1,1,1
16,1,1,2,1,2,1,2,1
16,2,2,1,1,2,1,1,2
16,1,2,1,2,1,1,1,1
16,1,1,1,1,1,1,1,1
16,1,1,3,1,2,1,1,1
16,1,1,2,1,1,1,1,1
17,2,3,3,4,2,1,3,4
17,3,2,4,3,2,1,2,1
17,2,1,1,3,2,1,4,2
17,1,1,3,3,3,1,3,3
17,2,1,4,2,3,1,1,2
17,2,2,4,5,4,2,3,2
17,2,2,3,5,4,2,4,2
17,1,2,2,2,2,1,2,1
17,3,2,2,2,2,1,2,1
17,3,3,4,3,4,1,4,4
18,1,1,1,1,1,1,1,1
18,1,2,4,3,4,2,2,2
18,1,1,3,2,3,2,1,1
18,2,2,4,2,3,1,2,1
18,4,4,5,5,4,2,3,2
18,4,3,4,3,3,2,4,4
18,2,3,2,2,3,3,3,3
18,2,2,3,3,3,1,2,2
18,1,1,3,2,3,1,3,2
18,1,1,2,1,2,1,1,3
19,1,1,1,1,1,1,1,1
19,1,1,2,2,1,1,1,1
19,1,2,2,3,3,1,3,1
19,1,1,2,2,1,1,2,2
19,1,2,3,2,3,1,1,1
19,1,3,1,3,1,1,2,1
19,1,1,1,1,1,1,1,1
19,1,1,1,3,2,2,2,3
19,1,1,1,2,2,1,1,1
19,1,2,1,2,2,1,2,2
20,1,4,4,4,3,1,4,1
20,1,1,2,4,5,2,3,2
20,1,2,2,2,1,1,1,1
20,2,3,4,4,3,3,3,4
20,3,2,3,2,1,1,1,2
20,1,3,3,2,4,3,2,5
20,2,4,3,3,3,1,4,4
20,1,2,2,2,2,2,3,1
20,4,4,3,3,4,2,4,2
20,1,1,1,1,1,1,1,2
21,3,4,2,4,4,2,3,1
21,4,5,3,4,3,2,4,1
21,2,3,3,4,4,2,2,2
21,4,5,4,4,4,3,4,2
21,4,4,1,3,3,4,5,3
21,5,4,4,5,4,4,5,2
21,4,4,4,4,5,5,5,4
21,5,5,2,3,3,2,4,2
21,3,4,3,4,4,2,4,1
21,4,5,3,5,5,3,5,4
22,1,1,1,2,2,1,1,1
22,2,1,2,1,1,1,1,1
22,2,2,1,2,2,1,2,1
22,1,3,2,3,2,1,2,1
22,1,1,1,1,1,1,2,1
22,1,1,1,2,1,1,1,2
22,1,2,1,1,1,1,1,1
22,1,1,1,1,1,2,2,2
22,2,2,3,2,2,1,2,1
22,1,3,2,2,4,2,4,3
23,2,4,2,3,1,2,3,1
23,1,2,2,1,1,1,1,1
23,2,3,3,4,3,3,3,2
23,4,3,2,4,3,2,4,2
23,1,2,1,2,1,3,3,2
23,1,2,1,2,1,2,2,3
23,1,1,2,1,2,1,1,2
23,3,3,2,2,2,1,1,2
23,1,2,2,2,1,1,1,2
23,3,3,1,3,2,2,4,3
24,2,3,3,4,3,1,3,2
24,4,3,2,3,2,2,2,3
24,4,3,1,3,3,1,4,3
24,4,3,3,3,1,1,2,1
24,3,5,2,5,3,1,5,3
24,3,3,2,2,2,1,2,1
24,5,4,3,3,3,2,3,1
24,3,4,4,3,3,3,2,2
24,2,2,3,2,3,3,5,2
24,4,2,1,2,2,1,2,1
25,3,3,3,2,4,2,2,2
25,2,2,1,2,1,1,2,1
25,2,2,2,1,2,2,3,2
25,3,2,2,1,1,2,2,3
25,3,1,1,1,2,1,1,1
25,3,1,1,1,2,1,1,2
25,2,1,1,1,1,1,1,1
25,4,1,2,1,1,1,1,1
25,3,2,1,2,1,1,2,1
25,4,3,1,3,3,2,4,2
26,1,1,1,2,2,1,2,2
26,1,1,1,2,2,1,1,1
26,1,1,1,2,1,1,2,1
26,1,3,3,2,4,2,2,2
26,1,1,1,1,1,1,1,1
26,1,1,3,2,1,1,1,2
26,1,1,2,1,2,1,1,2
26,2,1,2,1,2,1,1,1
26,1,1,2,1,2,1,1,1
26,1,1,1,1,2,1,1,2
27,2,2,2,4,4,4,4,1
27,2,2,4,2,3,2,4,2
27,1,1,3,1,2,1,1,2
27,2,2,4,4,3,4,4,3
27,2,2,1,2,2,1,1,1
27,4,3,2,2,2,2,3,1
27,2,3,1,3,3,2,4,1
27,3,3,3,4,4,3,4,2
27,1,3,2,3,2,4,3,2
27,2,3,2,2,2,1,3,1
28,2,2,2,4,4,4,4,1
28,2,2,4,2,3,2,4,2
28,1,1,3,1,2,1,1,2
28,2,2,4,4,3,4,4,3
28,2,2,1,2,2,1,1,1
28,4,3,2,2,2,2,3,1
28,2,3,1,3,3,2,4,1
28,3,3,3,4,4,3,4,2
28,1,3,2,3,2,4,3,2
28,2,3,2,2,2,1,3,1
29,3,2,3,4,4,2,3,2
29,2,2,2,1,1,1,1,1
29,1,2,3,4,3,1,5,3
29,1,2,1,2,1,1,1,1
29,1,1,2,2,2,1,1,1
29,1,1,3,1,2,1,2,1
29,1,1,2,1,2,1,1,2
29,1,3,1,4,4,1,5,2
29,1,2,2,2,1,1,2,3
29,1,2,3,3,3,1,1,2
30,1,1,1,1,1,1,2,1
30,1,1,1,2,2,1,2,1
30,4,3,1,2,2,1,1,3
30,2,3,1,3,2,1,3,1
30,2,3,2,2,2,1,2,2
30,2,2,1,3,2,2,3,4
30,1,2,1,2,3,1,3,1
30,2,2,2,2,2,1,3,1
30,1,1,1,1,1,1,1,1
30,1,1,1,1,1,1,2,1
31,2,2,4,3,3,1,4,1
31,1,2,3,4,4,1,3,1
31,2,2,3,4,2,2,2,1
31,1,1,2,2,2,1,3,1
31,1,1,5,3,3,1,2,2
31,2,1,4,2,2,1,2,1
31,1,3,2,1,1,1,2,1
31,1,3,2,3,2,1,3,1
31,1,1,2,3,2,1,1,2
31,1,1,4,4,2,1,2,1
32,4,3,4,3,3,1,3,1
32,1,1,3,2,2,1,1,1
32,2,1,3,1,3,1,1,1
32,1,1,1,1,1,1,1,1
32,1,2,4,3,2,1,2,1
32,1,1,3,2,2,1,1,2
32,1,1,2,2,2,1,2,1
32,1,1,2,2,3,1,2,1
32,1,1,2,1,1,1,1,1
32,1,1,3,3,3,1,1,1
33,3,2,3,4,4,2,3,2
33,2,2,2,1,1,1,1,1
33,1,2,3,4,3,1,5,3
33,1,2,1,2,1,1,1,1
33,1,1,2,2,2,1,1,1
33,1,1,3,1,2,1,2,1
33,1,1,2,1,2,1,1,2
33,1,3,1,4,4,1,5,2
33,1,2,2,2,1,1,2,3
33,1,2,3,3,3,1,1,2
34,4,3,2,4,3,3,4,3
34,1,3,4,3,2,2,3,1
34,3,4,2,4,3,3,3,1
34,2,2,2,1,1,1,1,1
34,1,1,2,2,3,2,2,1
34,1,2,1,3,2,4,1,1
34,2,4,2,4,3,3,5,4
34,2,3,2,4,2,3,4,3
34,3,3,2,3,1,2,3,2
34,3,1,2,2,2,1,2,2
35,1,2,2,2,2,1,3,2
35,2,3,4,3,4,1,4,3
35,2,3,4,2,2,2,2,3
35,1,3,2,3,2,1,4,3
35,2,4,3,4,4,3,4,4
35,1,2,3,1,2,1,1,1
35,2,3,4,3,3,2,4,4
35,1,2,4,1,3,1,1,2
35,1,3,2,2,3,2,3,4
35,1,2,3,1,5,1,3,3
36,1,1,1,2,1,1,1,1
36,3,3,4,3,3,2,2,4
36,4,5,3,4,4,4,5,4
36,3,3,2,3,3,4,3,2
36,3,5,4,5,4,4,4,2
36,3,5,3,5,3,3,4,2
36,3,3,4,3,2,3,4,2
36,4,3,3,4,4,3,4,4
36,3,3,5,3,2,3,4,1
36,4,4,4,3,3,4,4,2
37,3,1,1,1,1,1,1,1
37,2,3,2,3,2,1,3,2
37,1,2,1,3,2,2,1,1
37,1,1,3,2,2,2,3,4
37,1,1,1,1,1,1,2,2
37,1,2,3,2,3,3,2,3
37,1,1,1,1,1,1,1,1
37,1,1,1,1,1,1,1,1
37,1,1,1,1,1,1,1,1
37,3,5,2,2,3,2,2,2
38,1,2,2,3,3,2,3,2
38,1,3,1,1,2,1,1,3
38,1,3,1,3,1,1,1,1
38,1,2,3,1,2,2,2,1
38,2,2,2,3,1,1,3,2
38,2,4,3,5,2,1,5,3
38,1,1,2,1,2,1,1,2
38,1,1,2,2,2,1,2,1
38,3,2,2,2,2,1,2,2
38,2,2,1,2,2,1,2,1
39,1,1,3,1,2,1,1,1
39,1,1,2,2,2,1,1,1
39,1,1,1,2,3,1,1,1
39,1,1,1,3,2,2,2,1
39,1,1,1,2,2,1,2,1
39,1,1,1,1,2,1,2,1
39,1,1,2,1,2,1,1,1
39,1,1,1,1,2,1,1,1
39,1,1,1,1,2,2,2,1
39,3,3,4,4,3,3,4,3
40,2,4,1,2,1,1,3,4
40,2,3,4,2,1,1,2,3
40,1,2,2,1,1,1,2,1
40,1,1,1,3,2,3,2,1
40,2,3,1,2,1,1,3,2
40,3,3,2,2,3,2,3,3
40,1,1,1,1,1,1,1,2
40,2,2,2,1,2,1,1,1
40,1,1,2,1,1,1,1,1
40,2,3,1,2,2,2,3,2
41,1,1,4,1,2,1,1,1
41,1,1,1,1,2,1,1,1
41,2,3,1,3,3,1,5,2
41,1,1,2,1,1,1,1,1
41,1,2,2,2,2,1,2,1
41,1,2,2,2,2,1,1,1
41,2,2,1,1,1,2,1,1
41,1,1,1,1,1,1,2,2
41,2,3,1,3,3,1,3,2
41,1,2,1,1,2,1,2,1
42,3,2,3,5,5,1,4,2
42,3,1,4,3,3,1,2,1
42,1,2,2,3,2,1,2,1
42,2,1,2,1,1,1,2,2
42,1,1,1,1,1,1,1,1
42,2,2,1,2,2,1,2,1
42,4,3,1,3,2,3,2,1
42,3,3,2,3,1,1,1,1
42,1,2,2,3,2,1,3,1
42,1,1,1,3,1,1,3,2
43,2,4,4,4,4,2,3,1
43,4,3,4,3,3,3,2,3
43,1,2,2,1,1,1,1,2
43,3,3,4,4,4,3,5,2
43,2,4,4,5,4,4,4,3
43,4,3,4,3,4,2,4,2
43,4,3,4,4,3,2,5,3
43,2,2,3,3,4,3,3,3
43,3,3,4,2,3,2,4,3
43,2,2,5,3,3,1,3,3
44,3,4,2,3,3,1,3,4
44,2,2,1,1,1,1,1,2
44,1,3,2,3,3,1,3,4
44,2,1,1,2,2,2,2,2
44,1,2,2,1,1,1,1,1
44,2,3,2,1,2,1,2,2
44,2,2,2,1,2,1,2,2
44,3,4,3,3,2,2,4,3
44,2,3,2,3,2,3,3,4
44,4,5,4,3,3,2,4,4
45,4,5,3,5,4,1,4,2
45,4,3,4,5,3,4,3,3
45,2,2,2,4,3,4,3,2
45,3,2,3,3,3,3,3,4
45,2,2,2,2,2,3,2,2
45,3,3,3,3,2,3,4,4
45,4,5,3,5,2,5,4,4
45,4,3,2,3,4,4,2,4
45,3,4,3,4,4,5,4,4
45,4,3,3,3,2,4,4,3
46,3,3,2,3,4,2,2,1
46,2,2,2,3,4,1,2,1
46,4,4,3,4,5,2,4,1
46,2,1,2,2,1,1,1,1
46,4,2,2,3,4,2,5,3
46,2,1,1,1,1,1,2,2
46,2,1,3,4,3,1,4,1
46,1,3,2,3,3,1,3,1
46,4,3,2,4,3,1,2,1
46,4,2,3,4,2,1,4,1
47,1,2,1,1,1,1,1,2
47,1,2,2,2,2,1,3,5
47,1,3,2,3,3,1,3,3
47,2,2,3,2,3,1,2,1
47,1,2,3,1,2,1,2,2
47,1,1,3,1,3,1,1,2
47,2,3,3,2,3,1,4,3
47,1,2,3,2,4,1,2,2
47,3,4,3,4,3,1,3,3
47,2,3,2,2,2,1,2,1
48,1,2,5,2,2,1,1,1
48,1,1,3,1,2,1,1,1
48,3,3,2,3,5,2,4,2
48,1,1,1,1,2,1,1,1
48,1,1,2,2,2,1,2,2
48,1,1,4,2,2,1,1,1
48,1,2,3,3,3,1,2,1
48,1,1,2,2,3,1,1,3
48,3,2,3,3,2,1,2,1
48,1,2,1,2,3,1,3,1
49,2,1,2,2,3,1,1,1
49,2,4,3,5,4,3,4,2
49,2,3,4,3,5,3,3,2
49,2,4,4,3,4,1,5,4
49,1,1,1,2,1,1,2,1
49,1,1,1,1,1,1,3,1
49,1,1,1,1,2,1,1,1
49,3,3,2,4,3,2,5,2
49,1,1,2,1,1,1,2,1
49,1,1,2,1,1,1,2,1
50,3,1,4,1,1,1,1,2
50,1,3,2,2,2,1,3,1
50,2,1,2,2,1,1,1,1
50,1,1,1,1,1,1,1,1
50,1,1,2,2,1,1,2,2
50,1,1,2,1,1,1,1,1
50,1,1,2,1,2,1,1,1
50,1,2,1,2,2,1,2,1
50,1,1,2,1,1,1,1,1
50,2,2,3,2,2,2,2,2
51,1,1,2,3,1,1,1,2
51,1,2,1,2,1,1,1,1
51,1,1,3,2,2,1,1,1
51,1,3,2,3,3,1,3,1
51,2,5,2,2,2,1,3,2
51,1,3,3,2,2,1,3,1
51,1,2,3,4,3,1,3,3
51,1,2,2,3,1,1,2,2
51,1,2,2,1,1,1,1,1
51,1,2,2,2,2,1,2,1
52,2,1,1,1,2,1,1,1
52,1,1,2,1,3,3,1,1
52,1,1,1,1,2,1,1,1
52,1,1,1,1,2,1,1,1
52,3,4,3,3,4,1,4,1
52,4,3,4,4,5,3,4,1
52,1,1,1,1,2,1,1,1
52,2,1,2,1,3,2,1,1
52,2,1,1,2,2,1,2,1
52,1,2,2,3,2,1,1,1
53,2,3,4,3,2,1,3,4
53,1,3,2,3,3,1,2,1
53,2,2,3,3,3,1,2,2
53,1,1,1,1,1,1,1,2
53,1,2,2,2,1,1,2,1
53,2,2,3,3,2,2,3,3
53,1,1,3,1,2,1,1,2
53,1,1,1,2,1,1,1,1
53,1,1,2,2,1,1,1,1
53,1,1,1,1,1,1,2,2
54,4,2,1,2,2,1,3,3
54,3,2,3,2,1,2,2,3
54,3,2,3,3,3,1,3,1
54,3,3,4,4,5,2,3,3
54,4,5,4,4,4,3,4,3
54,3,4,4,5,5,5,5,4
54,4,4,3,4,4,2,4,4
54,3,3,4,4,4,4,3,2
54,3,2,3,5,4,2,4,2
54,3,4,5,5,4,3,4,2
55,3,2,3,3,3,2,3,1
55,1,4,3,4,4,3,4,2
55,1,2,1,1,1,1,2,3
55,2,3,3,4,5,2,3,2
55,2,4,4,3,4,1,3,4
55,3,2,3,2,4,1,2,2
55,1,2,3,2,1,1,1,1
55,2,3,4,2,4,1,3,1
55,2,3,3,4,3,1,3,4
55,1,2,4,3,4,1,2,2
56,3,4,3,4,4,3,5,4
56,1,4,4,4,3,2,3,1
56,3,4,2,3,4,3,4,2
56,3,2,1,2,4,1,2,1
56,4,1,1,1,1,2,2,1
56,2,4,2,2,3,3,4,2
56,1,1,2,2,1,1,2,1
56,3,2,4,2,2,1,3,2
56,2,3,3,2,2,1,2,1
56,3,2,2,1,3,2,2,1
57,4,4,3,3,2,2,3,4
57,2,2,2,2,2,2,3,2
57,2,2,2,2,4,1,3,1
57,3,3,3,4,4,3,3,3
57,1,1,1,1,1,2,3,2
57,1,1,2,1,2,2,1,2
57,1,1,2,1,2,1,1,3
57,3,1,1,2,2,3,2,3
57,3,2,3,1,3,3,4,3
57,2,2,2,2,2,2,2,1
58,2,4,2,4,4,1,3,2
58,2,1,4,2,2,1,1,1
58,4,3,2,4,3,3,4,4
58,3,2,1,2,3,2,3,2
58,2,3,2,2,3,1,1,2
58,2,3,2,3,3,2,4,2
58,3,4,2,4,4,2,3,1
58,3,3,3,2,4,2,3,2
58,2,3,4,3,3,2,3,3
58,2,4,3,3,4,1,4,3
59,1,1,1,2,1,1,1,1
59,1,3,2,2,2,1,2,2
59,1,4,1,3,1,1,2,1
59,1,1,1,2,1,1,1,1
59,2,3,2,2,2,2,2,1
59,1,2,1,2,1,1,1,1
59,1,2,1,1,2,1,1,1
59,1,2,1,1,1,1,1,1
59,1,1,2,2,1,1,1,1
59,2,2,1,1,1,1,2,1
60,3,1,1,2,1,3,1,2
60,4,3,2,4,4,4,4,1
60,2,3,2,3,3,3,2,4
60,2,2,3,3,3,3,4,2
60,4,2,4,3,3,2,2,5
60,4,3,4,4,4,4,3,2
60,4,3,4,3,3,4,4,4
60,2,3,4,4,4,4,4,5
60,1,1,1,1,2,1,1,2
60,3,3,4,3,4,2,3,4
61,2,2,3,1,1,1,1,2
61,1,3,3,1,3,1,2,1
61,1,2,2,2,3,1,3,2
61,2,2,3,2,3,1,2,2
61,1,1,5,1,1,1,1,3
61,3,4,4,4,4,2,2,2
61,1,1,4,2,2,1,1,1
61,3,3,3,3,4,2,3,3
61,1,1,3,1,1,1,1,2
61,1,1,2,1,2,1,1,1
62,1,2,3,2,2,1,1,2
62,1,1,4,2,2,2,1,1
62,2,2,3,2,2,1,3,2
62,2,2,3,2,2,1,3,2
62,2,3,3,4,3,2,3,2
62,2,3,3,3,3,1,3,3
62,1,1,4,2,2,1,2,3
62,3,3,4,3,2,2,3,2
62,3,2,5,4,4,4,3,4
62,4,3,5,4,4,4,5,2
63,1,1,1,1,1,1,3,1
63,1,1,2,2,1,1,1,2
63,2,3,1,2,2,1,2,1
63,2,2,1,2,2,1,2,2
63,3,4,1,4,3,2,4,3
63,2,3,2,2,1,1,2,2
63,3,1,2,2,2,1,3,3
63,1,1,1,1,1,1,1,1
63,1,1,1,1,2,1,3,1
63,2,3,1,3,4,1,3,1
64,1,2,3,2,2,1,1,2
64,1,3,2,1,1,1,2,1
64,1,2,3,2,3,2,3,4
64,1,3,2,3,3,1,2,1
64,1,1,2,1,1,1,1,2
64,1,1,3,1,3,1,1,1
64,1,2,2,2,2,1,2,1
64,3,2,2,3,4,1,3,3
64,3,3,2,2,2,1,2,3
64,3,2,3,2,4,2,2,1
65,1,1,2,3,2,1,3,1
65,1,1,1,2,2,1,2,3
65,1,2,2,2,2,1,2,1
65,2,3,2,3,4,1,4,1
65,2,2,3,2,2,1,2,2
65,1,1,2,1,1,1,1,1
65,1,2,3,2,1,1,2,2
65,1,3,1,3,2,1,3,2
65,2,1,1,1,1,1,2,1
65,1,1,2,2,1,1,1,1
66,4,4,2,5,3,2,4,4
66,3,4,2,4,3,2,4,3
66,2,4,2,3,2,1,5,2
66,2,3,1,3,1,1,4,2
66,1,2,1,3,3,1,2,1
66,3,4,2,3,4,1,4,2
66,3,2,1,3,2,1,3,1
66,2,4,2,5,3,1,4,4
66,3,4,1,4,3,1,4,2
66,2,4,1,3,2,1,3,1
67,2,1,1,2,2,1,1,1
67,3,2,4,4,5,1,3,1
67,1,2,1,1,1,1,3,1
67,1,1,1,2,2,1,2,2
67,1,1,1,2,1,2,1,1
67,1,1,2,2,2,1,2,1
67,1,1,1,1,2,1,1,1
67,1,1,1,2,1,1,1,1
67,2,2,1,4,3,1,3,1
67,1,1,1,1,2,1,1,1
68,1,2,4,3,2,1,4,2
68,1,1,3,1,1,1,1,1
68,1,1,3,1,3,1,3,3
68,2,3,3,3,3,1,3,1
68,1,1,4,2,3,1,3,1
68,1,1,2,1,1,1,1,1
68,1,3,3,3,2,1,1,2
68,1,2,3,1,2,1,1,1
68,3,4,4,2,3,1,4,1
68,2,5,5,5,3,2,5,3
69,1,2,2,3,2,1,2,1
69,1,3,4,2,3,1,5,1
69,2,1,3,3,3,2,2,1
69,1,2,1,3,1,1,2,1
69,1,2,1,1,1,1,1,1
69,1,2,2,2,2,1,3,1
69,3,3,3,5,3,2,3,1
69,1,2,2,2,3,1,3,1
69,1,3,3,3,3,2,2,1
69,1,2,2,3,2,1,2,1
70,1,1,1,2,1,1,1,1
70,1,3,2,2,2,1,2,2
70,1,4,1,3,1,1,2,1
70,1,1,1,2,1,1,1,1
70,2,3,2,2,2,2,2,1
70,1,2,1,2,1,1,1,1
70,1,2,1,1,2,1,1,1
70,1,2,1,1,1,1,1,1
70,1,1,2,2,1,1,1,1
70,2,2,1,1,1,1,2,1
71,3,3,3,4,3,3,4,2
71,3,3,4,4,3,2,4,2
71,3,4,3,3,2,2,2,4
71,2,2,3,3,3,3,3,4
71,4,3,3,3,4,2,3,5
71,3,2,3,2,3,3,2,3
71,2,2,3,2,3,2,4,2
71,3,2,1,4,3,4,3,3
71,5,5,4,5,3,3,3,3
71,4,5,3,3,4,5,5,4
72,1,2,2,3,3,2,3,2
72,1,3,1,1,2,1,1,3
72,1,3,1,3,1,1,1,1
72,1,2,3,1,2,2,2,1
72,2,2,2,3,1,1,3,2
72,2,4,3,5,2,1,5,3
72,1,1,2,1,2,1,1,2
72,1,1,2,2,2,1,2,1
72,3,2,2,2,2,1,2,2
72,2,2,1,2,2,1,2,1
73,1,1,1,1,1,1,2,2
73,2,2,1,1,1,1,1,2
73,1,3,2,2,1,1,1,2
73,1,1,1,2,2,1,1,2
73,1,1,1,1,1,2,1,1
73,1,2,1,1,1,1,1,1
73,1,3,1,1,1,2,2,2
73,2,2,1,2,2,1,2,2
73,1,2,1,1,1,1,1,2
73,1,1,1,1,1,1,2,1
74,2,1,4,3,2,1,5,4
74,1,3,3,3,4,2,4,3
74,2,4,3,3,4,4,4,4
74,2,4,3,4,3,4,4,4
74,5,4,4,4,4,3,5,4
74,2,2,4,2,3,3,3,3
74,3,4,2,4,3,2,4,4
74,4,4,3,4,3,3,5,3
74,1,3,2,2,2,1,2,3
74,2,3,2,3,2,2,3,1
75,2,1,1,2,2,1,2,2
75,1,5,1,4,1,1,3,2
75,1,4,2,2,2,1,3,2
75,1,3,3,3,2,1,2,1
75,1,2,3,1,2,1,1,1
75,1,1,3,1,2,1,1,1
75,1,1,1,2,2,1,3,2
75,1,1,2,1,1,1,2,2
75,1,1,1,1,1,1,1,2
75,1,1,2,1,1,1,2,2
76,1,1,1,3,2,1,3,1
76,1,1,2,2,2,1,1,1
76,1,2,1,2,3,1,1,1
76,1,2,2,1,2,1,2,1
76,1,2,3,3,2,1,1,1
76,2,2,2,2,2,1,2,2
76,1,1,1,3,2,1,2,1
76,2,2,2,3,3,2,3,2
76,3,2,2,4,4,3,3,3
76,2,3,3,3,4,2,5,3
77,1,3,3,2,3,2,3,2
77,1,1,3,2,1,1,2,1
77,1,2,3,1,3,2,3,2
77,2,3,3,4,4,3,4,1
77,1,1,2,2,3,1,2,2
77,1,3,2,4,3,2,4,4
77,1,2,4,2,1,1,1,1
77,1,2,1,1,2,1,1,1
77,2,1,2,1,1,1,2,2
77,1,1,2,1,2,1,1,2
78,1,1,1,1,1,1,1,1
78,1,2,1,1,1,1,1,1
78,1,2,2,1,1,1,1,2
78,2,2,1,2,2,1,1,1
78,1,3,1,2,2,1,2,1
78,1,2,2,2,2,1,2,1
78,1,1,1,1,1,1,2,1
78,1,3,2,1,3,1,3,1
78,1,2,2,2,2,1,1,1
78,1,3,1,1,3,2,4,1
79,2,1,3,1,1,1,1,1
79,1,1,2,1,1,1,2,3
79,1,1,1,1,1,1,1,1
79,1,1,2,2,3,1,2,1
79,1,1,1,2,2,1,2,2
79,1,2,1,2,2,1,2,2
79,1,2,3,3,3,1,2,2
79,1,2,2,1,1,1,1,1
79,1,1,1,1,1,1,2,1
79,1,2,2,2,2,1,1,1
80,3,4,2,4,4,2,3,1
80,4,5,3,4,3,2,4,1
80,2,3,3,4,4,2,2,2
80,4,5,4,4,4,3,4,2
80,4,4,1,3,3,4,5,3
80,5,4,4,5,4,4,5,2
80,4,4,4,4,5,5,5,4
80,5,5,2,3,3,2,4,2
80,3,4,3,4,4,2,4,1
80,4,5,3,5,5,3,5,4
81,4,3,4,4,4,3,5,4
81,2,3,4,3,4,3,4,4
81,3,2,4,4,4,1,3,3
81,2,4,3,5,4,3,4,3
81,3,2,3,3,4,2,3,5
81,3,5,4,3,4,2,4,3
81,3,3,3,3,4,3,4,3
81,2,4,3,4,3,3,4,2
81,3,3,4,5,4,4,4,2
81,3,2,2,3,3,1,4,3
82,2,3,3,2,2,2,2,2
82,2,2,2,2,1,1,2,1
82,1,1,1,1,1,1,1,2
82,1,1,1,1,1,1,1,1
82,3,2,3,2,2,1,1,1
82,1,2,2,2,1,1,2,2
82,1,2,1,2,2,1,1,1
82,2,2,2,2,2,1,1,1
82,2,3,2,4,3,1,2,3
82,3,2,2,2,1,1,1,2
83,3,2,4,3,4,2,2,2
83,1,2,2,1,3,2,1,1
83,1,1,5,1,2,1,2,2
83,2,1,2,2,2,3,1,1
83,1,1,2,1,2,3,2,1
83,1,1,2,1,1,1,1,2
83,3,2,4,2,3,2,2,2
83,2,2,1,2,1,4,1,2
83,1,1,4,1,1,1,1,1
83,2,3,2,2,3,3,1,1
84,3,3,3,4,4,4,3,3
84,3,4,1,3,2,4,4,3
84,5,2,1,2,2,4,4,4
84,2,3,3,4,3,3,4,3
84,1,3,1,2,2,4,2,4
84,3,4,2,3,1,3,2,4
84,3,3,2,3,3,5,4,4
84,2,3,2,3,2,3,3,3
84,1,2,4,3,3,2,2,4
84,3,3,1,3,2,3,3,4
85,1,1,2,2,2,1,1,1
85,1,1,1,2,3,1,3,1
85,2,4,1,3,3,3,4,1
85,1,1,2,3,2,2,3,1
85,1,1,2,2,1,1,3,1
85,1,2,1,2,1,1,2,1
85,2,4,1,3,2,2,3,3
85,2,3,3,3,2,1,3,2
85,2,3,2,3,2,2,1,1
85,2,3,1,2,3,1,1,1
86,1,3,2,1,1,2,2,1
86,1,2,2,1,1,1,1,1
86,1,1,2,1,2,1,1,1
86,1,1,2,1,1,1,1,1
86,3,2,1,3,2,1,2,1
86,1,1,1,1,2,1,1,2
86,1,1,2,1,1,1,1,1
86,1,1,1,1,1,1,1,1
86,1,1,1,1,1,1,1,1
86,1,2,2,1,2,2,2,1
87,1,3,1,1,1,2,1,3
87,1,1,3,1,1,1,1,2
87,2,3,3,4,3,1,3,3
87,2,1,3,3,3,1,2,2
87,2,1,4,2,3,1,1,2
87,1,1,4,3,1,1,1,5
87,1,1,3,1,1,1,1,2
87,2,3,5,4,4,2,4,4
87,3,3,3,3,4,3,3,3
87,3,4,4,3,5,2,2,2
88,1,3,3,4,3,1,1,1
88,2,3,1,3,2,1,3,3
88,2,2,2,3,1,1,2,1
88,4,5,2,4,4,4,5,2
88,4,4,3,4,3,4,2,1
88,2,2,3,3,4,2,2,1
88,2,5,3,5,3,3,3,2
88,1,2,3,2,2,1,3,1
88,1,1,2,1,2,1,1,1
88,2,2,2,2,3,2,2,1
89,5,4,4,5,4,3,3,1
89,4,4,2,4,4,3,5,4
89,2,4,3,5,4,2,3,2
89,4,2,3,4,4,2,2,2
89,4,4,4,4,4,3,5,3
89,5,5,5,5,5,2,5,3
89,4,2,3,2,3,3,1,1
89,3,3,3,5,4,4,4,1
89,3,2,4,3,3,2,3,1
89,4,4,3,4,4,2,2,1
90,3,4,2,3,3,1,3,4
90,2,2,1,1,1,1,1,2
90,1,3,2,3,3,1,3,4
90,2,1,1,2,2,2,2,2
90,1,2,2,1,1,1,1,1
90,2,3,2,1,2,1,2,2
90,2,2,2,1,2,1,2,2
90,3,4,3,3,2,2,4,3
90,2,3,2,3,2,3,3,4
90,4,5,4,3,3,2,4,4
91,2,4,2,4,4,1,3,2
91,2,1,4,2,2,1,1,1
91,4,3,2,4,3,3,4,4
91,3,2,1,2,3,2,3,2
91,2,3,2,2,3,1,1,2
91,2,3,2,3,3,2,4,2
91,3,4,2,4,4,2,3,1
91,3,3,3,2,4,2,3,2
91,2,3,4,3,3,2,3,3
91,2,4,3,3,4,1,4,3
92,5,2,2,3,2,3,2,2
92,3,5,4,4,3,2,5,4
92,4,4,3,4,3,3,4,4
92,4,3,3,4,3,2,3,1
92,3,3,2,4,3,2,3,3
92,2,2,1,1,2,1,1,1
92,4,3,4,5,5,3,3,3
92,4,3,2,4,3,2,4,3
92,4,4,1,4,4,4,4,3
92,4,4,3,5,4,3,4,4
93,4,2,3,2,1,1,2,4
93,4,2,1,2,3,3,2,3
93,4,4,3,3,4,2,2,3
93,4,2,1,2,2,1,2,3
93,4,3,4,4,4,4,3,4
93,4,4,3,4,4,4,4,3
93,2,1,3,2,4,3,3,2
93,3,2,3,2,3,1,1,1
93,3,3,4,3,3,4,2,4
93,4,4,2,4,3,4,4,3
94,1,1,1,1,1,1,1,1
94,1,2,1,1,1,1,1,1
94,1,2,2,1,1,1,1,2
94,2,2,1,2,2,1,1,1
94,1,3,1,2,2,1,2,1
94,1,2,2,2,2,1,2,1
94,1,1,1,1,1,1,2,1
94,1,3,2,1,3,1,3,1
94,1,2,2,2,2,1,1,1
94,1,3,1,1,3,2,4,1
95,1,1,2,1,2,1,1,1
95,1,1,2,2,3,1,1,1
95,1,1,2,1,1,1,1,1
95,1,2,1,3,3,1,1,1
95,1,1,1,2,1,1,1,1
95,1,1,2,1,1,2,2,1
95,1,1,1,1,1,1,1,1
95,1,2,1,2,2,1,3,1
95,1,1,2,1,2,1,1,1
95,1,1,2,1,1,2,1,1
96,1,1,1,2,1,1,1,2
96,1,4,2,2,3,2,4,1
96,2,2,1,1,1,1,4,1
96,1,2,1,1,1,1,1,1
96,1,3,1,1,1,2,2,1
96,1,2,1,1,2,1,2,1
96,1,2,1,2,2,2,2,1
96,2,3,3,3,2,3,3,2
96,3,3,3,3,3,2,4,1
96,1,2,2,2,1,2,3,1
97,2,4,2,3,1,2,3,1
97,1,2,2,1,1,1,1,1
97,2,3,3,4,3,3,3,2
97,4,3,2,4,3,2,4,2
97,1,2,1,2,1,3,3,2
97,1,2,1,2,1,2,2,3
97,1,1,2,1,2,1,1,2
97,3,3,2,2,2,1,1,2
97,1,2,2,2,1,1,1,2
97,3,3,1,3,2,2,4,3
98,1,3,3,3,4,2,3,4
98,2,1,1,1,1,1,1,2
98,1,1,2,1,1,2,1,2
98,2,1,1,1,1,2,1,1
98,1,1,1,1,1,1,2,1
98,1,1,3,1,1,2,1,2
98,1,1,3,1,3,1,2,2
98,2,1,3,1,2,1,1,1
98,1,1,2,1,1,1,1,2
98,1,1,2,2,3,1,1,2
99,1,2,4,3,2,1,4,2
99,1,1,3,1,1,1,1,1
99,1,1,3,1,3,1,3,3
99,2,3,3,3,3,1,3,1
99,1,1,4,2,3,1,3,1
99,1,1,2,1,1,1,1,1
99,1,3,3,3,2,1,1,2
99,1,2,3,1,2,1,1,1
99,3,4,4,2,3,1,4,1
99,2,5,5,5,3,2,5,3
100,2,5,2,3,3,2,3,5
100,3,3,2,3,4,2,4,4
100,2,2,4,2,2,2,2,3
100,4,3,5,4,3,2,3,3
100,2,3,2,3,2,2,2,3
100,3,5,2,4,2,2,3,2
100,2,4,2,4,3,2,4,4
100,2,2,1,2,2,2,2,3
100,1,3,1,2,1,1,2,3
100,1,3,5,3,4,1,2,3
101,1,1,1,1,2,1,2,1
101,1,1,1,1,1,2,1,1
101,2,2,2,2,2,2,2,3
101,3,3,1,2,1,2,2,1
101,1,1,1,1,1,1,1,1
101,1,1,1,1,1,1,1,1
101,1,1,1,1,1,1,1,1
101,1,1,1,2,2,1,1,1
101,2,2,3,2,3,1,2,2
101,2,2,1,3,3,1,3,2
102,3,1,3,3,4,2,4,4
102,2,2,5,3,4,2,4,1
102,2,4,3,4,3,4,5,3
102,3,4,4,3,4,2,2,3
102,1,3,4,3,3,3,4,4
102,2,3,2,3,2,2,4,2
102,2,3,2,4,4,2,4,1
102,3,4,2,4,4,3,4,3
102,2,4,4,5,5,2,5,3
102,2,4,4,3,3,2,4,2
103,1,2,3,1,2,1,1,1
103,2,2,3,2,2,2,1,2
103,2,3,3,2,2,2,2,1
103,2,3,2,4,4,2,3,1
103,4,4,3,4,4,3,4,4
103,3,4,4,4,4,3,3,2
103,2,4,3,3,2,3,3,2
103,3,1,3,1,1,2,1,2
103,1,2,4,2,2,1,1,1
103,2,2,4,1,1,2,1,2
104,1,1,1,1,1,1,1,1
104,1,4,3,2,2,1,2,2
104,1,2,2,2,2,1,2,2
104,2,2,1,1,1,1,1,1
104,1,1,2,1,1,1,1,1
104,1,1,1,1,1,1,1,1
104,1,3,2,2,2,1,2,1
104,1,4,2,3,3,1,3,2
104,1,2,2,2,2,1,1,2
104,1,2,2,1,2,1,2,1
105,2,5,3,4,3,2,4,3
105,2,5,3,4,3,2,4,1
105,1,2,4,3,2,1,2,1
105,3,3,3,4,3,4,5,4
105,2,3,4,3,3,2,2,3
105,3,3,2,3,2,4,3,4
105,2,5,3,4,3,2,5,2
105,1,3,1,2,2,2,3,4
105,3,4,2,3,2,1,3,5
105,2,2,4,2,2,1,2,3
106,2,2,3,1,1,1,1,1
106,2,2,3,4,3,1,2,1
106,4,5,3,4,4,1,5,2
106,3,4,4,4,4,3,3,4
106,5,5,5,5,3,2,5,4
106,3,4,3,3,4,3,4,4
106,1,2,4,2,3,1,2,1
106,2,3,4,2,2,1,3,2
106,1,1,2,1,1,1,1,1
106,1,3,5,3,5,2,3,3
107,2,3,4,3,3,2,2,3
107,4,4,3,4,4,4,4,2
107,1,1,2,1,1,1,1,1
107,1,1,3,3,2,1,2,1
107,1,1,2,1,1,1,2,1
107,2,2,1,1,3,2,2,3
107,1,2,3,3,2,1,2,5
107,1,1,1,1,1,1,2,2
107,2,2,2,2,3,2,1,1
107,1,1,2,1,2,1,1,1
108,4,5,4,2,4,5,5,5
108,2,3,4,4,3,3,3,3
108,2,4,2,3,2,4,2,3
108,3,3,3,4,5,2,2,3
108,3,3,3,4,3,3,2,2
108,2,2,4,2,3,3,1,4
108,3,4,1,4,2,2,2,1
108,3,5,1,4,3,4,3,2
108,4,5,1,4,4,5,3,1
108,5,4,2,4,4,3,5,3
109,1,1,5,1,2,1,2,1
109,1,2,2,2,2,1,2,2
109,2,1,1,1,2,1,1,1
109,2,3,3,3,2,1,1,1
109,2,1,2,1,1,1,1,2
109,3,2,4,2,2,1,2,1
109,1,1,2,1,1,1,1,1
109,2,2,3,2,2,1,1,2
109,1,1,1,2,1,1,2,1
109,1,2,2,4,3,2,3,3
110,1,2,2,2,2,1,1,1
110,1,1,3,2,2,1,1,1
110,1,1,3,2,2,1,2,2
110,1,1,2,1,2,1,1,1
110,1,1,1,1,3,1,1,1
110,1,1,1,1,1,1,1,1
110,1,1,2,3,3,1,2,1
110,2,3,2,2,2,1,1,1
110,1,2,4,4,3,1,2,1
110,1,2,2,1,2,1,2,1
111,2,2,2,4,1,2,2,2
111,1,2,4,1,2,1,2,2
111,3,5,4,5,3,1,4,4
111,1,3,4,3,1,1,2,4
111,1,3,4,4,3,2,3,4
111,1,2,4,3,2,1,1,1
111,2,4,3,4,3,1,4,4
111,2,2,4,3,4,1,3,3
111,2,4,4,4,4,1,4,2
111,2,4,4,4,3,2,4,4
112,4,3,5,5,5,2,3,4
112,4,2,4,5,5,4,4,4
112,4,3,4,3,4,3,4,2
112,2,4,4,3,3,3,3,3
112,3,3,4,3,4,1,2,3
112,4,4,4,3,4,3,2,3
112,3,4,4,3,4,2,4,2
112,4,4,4,3,3,3,2,2
112,4,4,3,3,4,3,4,2
112,3,4,4,3,5,3,4,3
113,3,5,4,5,5,4,4,3
113,2,2,4,3,4,1,2,3
113,1,1,2,2,1,2,2,1
113,1,2,1,1,2,1,1,1
113,1,1,1,2,2,3,2,1
113,1,1,1,1,1,2,1,2
113,1,1,1,2,2,1,1,3
113,1,1,2,2,1,1,2,1
113,1,2,5,3,3,2,2,3
113,1,1,2,3,3,1,2,2
114,2,2,2,1,2,1,1,1
114,4,3,1,1,4,2,1,2
114,1,3,1,3,3,2,4,2
114,4,2,3,3,4,3,3,2
114,2,2,1,1,2,1,1,1
114,2,5,3,3,2,1,4,1
114,3,2,2,3,4,3,2,1
114,5,4,3,3,4,4,5,3
114,3,2,3,1,3,3,2,1
114,3,4,2,2,3,2,3,2
115,1,1,1,1,1,1,1,1
115,1,2,1,2,1,1,2,1
115,1,2,2,1,1,1,1,1
115,1,3,1,1,1,2,1,1
115,2,3,3,2,2,2,4,2
115,2,2,1,2,1,1,1,1
115,1,3,1,3,2,2,3,1
115,1,2,2,2,1,1,2,1
115,1,3,1,1,2,1,1,1
115,2,4,3,3,3,3,3,1
116,2,4,5,4,3,1,4,3
116,2,1,2,2,2,1,2,2
116,1,3,1,1,1,1,2,1
116,1,1,2,2,2,1,3,1
116,2,2,2,4,5,1,4,4
116,3,4,3,3,3,2,3,3
116,1,3,1,2,2,1,2,2
116,2,1,3,2,2,1,2,2
116,1,2,4,3,3,2,2,3
116,1,1,3,2,2,1,1,2
117,2,1,2,1,1,1,1,1
117,2,2,2,1,1,1,2,2
117,1,2,2,2,2,2,2,2
117,2,1,1,1,2,1,1,1
117,1,1,2,1,2,1,2,1
117,2,2,1,1,2,1,1,2
117,1,2,1,2,1,1,1,1
117,1,1,1,1,1,1,1,1
117,1,1,3,1,2,1,1,1
117,1,1,2,1,1,1,1,1
118,1,2,2,3,2,1,2,1
118,1,3,4,2,3,1,5,1
118,2,1,3,3,3,2,2,1
118,1,2,1,3,1,1,2,1
118,1,2,1,1,1,1,1,1
118,1,2,2,2,2,1,3,1
118,3,3,3,5,3,2,3,1
118,1,2,2,2,3,1,3,1
118,1,3,3,3,3,2,2,1
118,1,2,2,3,2,1,2,1
119,3,3,3,3,3,1,3,3
119,1,3,2,2,3,1,4,4
119,3,2,1,1,1,1,2,3
119,3,5,3,5,3,2,4,3
119,4,4,2,4,5,3,3,3
119,3,4,4,4,3,4,5,3
119,3,4,2,3,3,2,3,3
119,4,5,4,4,3,3,5,4
119,2,4,2,3,4,2,5,5
119,2,3,3,3,4,2,5,4
120,2,1,2,1,1,1,1,1
120,3,1,1,1,1,1,1,1
120,1,1,2,1,2,1,1,1
120,2,1,1,1,1,1,1,1
120,2,1,1,1,1,1,1,1
120,2,1,2,1,2,1,1,1
120,3,2,1,2,4,2,3,1
120,2,1,1,1,2,2,1,2
120,2,1,3,1,2,2,1,1
120,1,1,2,1,2,1,1,1
121,3,1,2,1,2,2,2,3
121,5,5,2,4,4,4,4,5
121,1,2,5,5,4,1,4,4
121,1,1,2,3,2,1,3,2
121,2,3,1,3,3,1,2,2
121,2,4,4,5,4,1,4,3
121,2,3,2,4,3,2,3,3
121,1,3,2,2,3,1,2,1
121,3,3,2,3,2,1,4,2
121,3,4,3,4,3,1,4,3
122,1,2,3,2,1,1,2,2
122,1,2,1,4,2,1,4,2
122,1,2,1,1,1,1,2,1
122,1,2,2,1,1,1,1,3
122,2,3,2,2,1,1,3,3
122,2,4,1,1,1,2,2,2
122,1,2,4,1,1,1,2,2
122,2,5,2,2,3,1,3,2
122,1,4,1,3,2,1,2,1
122,2,5,3,4,4,2,4,2
123,1,2,2,2,1,2,2,1
123,1,2,1,1,1,1,1,1
123,3,4,3,3,4,3,4,3
123,2,1,1,1,1,1,1,1
123,2,1,2,1,2,1,1,1
123,1,1,1,1,1,1,3,1
123,4,4,2,4,4,3,5,4
123,2,2,2,3,2,1,3,1
123,4,4,4,4,4,4,4,2
123,4,3,1,4,3,4,3,2
124,3,3,3,3,4,1,3,3
124,5,5,4,5,4,2,5,4
124,3,2,4,4,4,3,4,4
124,1,1,3,1,1,1,1,1
124,2,2,3,3,2,1,1,1
124,2,2,4,2,3,1,3,3
124,1,2,2,3,4,1,3,2
124,3,4,4,4,3,1,4,4
124,3,4,3,4,4,1,5,4
124,2,3,4,4,4,1,3,2
125,3,2,4,3,4,2,4,1
125,2,1,3,1,3,1,2,2
125,2,1,2,1,1,1,1,1
125,4,3,3,4,4,2,4,2
125,3,4,2,4,3,1,5,2
125,1,1,1,1,2,1,1,1
125,1,1,1,2,1,1,1,1
125,1,1,2,1,2,1,1,1
125,1,3,2,2,1,2,2,1
125,2,2,2,3,3,2,3,2
126,1,1,2,1,1,1,1,2
126,1,1,2,1,1,1,2,1
126,1,2,2,3,2,1,1,1
126,1,2,2,2,2,1,2,1
126,1,1,2,2,1,1,2,1
126,1,2,4,3,3,3,3,2
126,1,2,2,1,1,1,2,2
126,1,1,1,1,1,1,2,1
126,1,1,1,2,2,1,1,1
126,2,3,4,3,4,3,3,4
127,2,2,2,2,2,1,2,1
127,1,2,2,2,3,1,4,3
127,2,4,3,4,2,3,5,2
127,1,3,2,2,3,1,3,2
127,3,4,4,3,4,4,2,3
127,2,4,3,4,4,4,5,4
127,2,5,4,3,2,2,4,5
127,3,4,2,3,3,2,5,3
127,1,3,1,1,1,1,4,4
127,1,2,2,1,1,1,4,3
128,3,5,3,4,4,2,5,3
128,5,4,2,4,2,4,4,4
128,4,3,2,4,3,3,4,3
128,2,4,3,4,3,2,5,3
128,2,3,2,2,3,2,3,2
128,3,5,2,3,3,2,3,1
128,3,3,5,3,4,2,4,1
128,4,5,3,4,4,2,4,3
128,4,4,3,5,4,2,5,2
128,3,4,2,3,2,2,4,1
129,3,3,3,3,3,1,3,3
129,1,3,2,2,3,1,4,4
129,3,2,1,1,1,1,2,3
129,3,5,3,5,3,2,4,3
129,4,4,2,4,5,3,3,3
129,3,4,4,4,3,4,5,3
129,3,4,2,3,3,2,3,3
129,4,5,4,4,3,3,5,4
129,2,4,2,3,4,2,5,5
129,2,3,3,3,4,2,5,4
130,2,1,2,1,1,1,1,2
130,1,2,2,2,2,1,1,1
130,2,2,2,1,2,1,2,2
130,2,1,3,1,1,1,1,1
130,2,1,3,1,1,1,1,1
130,2,1,3,1,2,1,1,1
130,2,4,3,1,1,1,2,1
130,2,1,3,2,2,1,1,1
130,1,3,1,1,1,2,1,1
130,1,1,2,1,2,1,2,1
131,3,1,4,1,1,1,1,2
131,1,3,2,2,2,1,3,1
131,2,1,2,2,1,1,1,1
131,1,1,1,1,1,1,1,1
131,1,1,2,2,1,1,2,2
131,1,1,2,1,1,1,1,1
131,1,1,2,1,2,1,1,1
131,1,2,1,2,2,1,2,1
131,1,1,2,1,1,1,1,1
131,2,2,3,2,2,2,2,2
132,2,1,1,1,1,2,1,5
132,4,2,2,3,4,2,2,3
132,5,4,3,4,4,2,4,3
132,4,2,2,1,2,1,2,3
132,3,2,2,2,3,1,2,2
132,3,1,2,2,3,2,4,4
132,3,4,1,4,5,4,4,3
132,4,4,3,3,3,3,3,4
132,5,5,3,4,4,3,3,3
132,5,2,3,4,3,3,2,2
133,2,3,3,2,2,2,2,2
133,2,2,2,2,1,1,2,1
133,1,1,1,1,1,1,1,2
133,1,1,1,1,1,1,1,1
133,3,2,3,2,2,1,1,1
133,1,2,2,2,1,1,2,2
133,1,2,1,2,2,1,1,1
133,2,2,2,2,2,1,1,1
133,2,3,2,4,3,1,2,3
133,3,2,2,2,1,1,1,2
134,1,3,3,2,2,1,3,1
134,2,2,2,2,2,1,2,1
134,2,4,4,3,3,2,3,3
134,2,1,1,1,1,2,2,2
134,4,4,2,4,3,4,4,4
134,2,2,4,3,3,3,3,2
134,3,2,3,4,4,5,4,3
134,2,2,4,2,3,4,4,5
134,2,1,3,2,3,1,2,3
134,1,1,1,1,1,1,2,2
135,2,2,2,1,2,1,1,1
135,4,3,1,1,4,2,1,2
135,1,3,1,3,3,2,4,2
135,4,2,3,3,4,3,3,2
135,2,2,1,1,2,1,1,1
135,2,5,3,3,2,1,4,1
135,3,2,2,3,4,3,2,1
135,5,4,3,3,4,4,5,3
135,3,2,3,1,3,3,2,1
135,3,4,2,2,3,2,3,2
136,3,4,3,4,4,3,5,4
136,1,4,4,4,3,2,3,1
136,3,4,2,3,4,3,4,2
136,3,2,1,2,4,1,2,1
136,4,1,1,1,1,2,2,1
136,2,4,2,2,3,3,4,2
136,1,1,2,2,1,1,2,1
136,3,2,4,2,2,1,3,2
136,2,3,3,2,2,1,2,1
136,3,2,2,1,3,2,2,1
137,1,2,2,3,3,2,2,2
137,2,4,1,1,1,1,4,3
137,2,2,4,3,1,2,3,3
137,2,3,2,3,2,2,4,2
137,2,2,2,2,1,1,1,1
137,2,2,1,1,1,1,2,2
137,1,3,2,1,1,1,2,3
137,2,3,1,3,2,4,4,5
137,3,2,3,3,2,3,2,4
137,3,4,1,3,2,2,3,4
138,1,2,5,2,2,2,3,4
138,2,3,2,2,2,1,2,1
138,1,1,2,1,1,1,2,1
138,1,1,2,2,2,1,1,1
138,1,2,2,1,1,1,1,1
138,1,1,2,1,1,1,1,1
138,1,1,3,1,2,1,2,1
138,1,1,3,2,2,1,1,1
138,1,1,4,1,2,1,2,2
138,2,2,2,1,2,1,2,2
139,4,3,4,3,3,1,3,1
139,1,1,3,2,2,1,1,1
139,2,1,3,1,3,1,1,1
139,1,1,1,1,1,1,1,1
139,1,2,4,3,2,1,2,1
139,1,1,3,2,2,1,1,2
139,1,1,2,2,2,1,2,1
139,1,1,2,2,3,1,2,1
139,1,1,2,1,1,1,1,1
139,1,1,3,3,3,1,1,1
140,1,1,3,1,2,1,2,3
140,3,2,5,3,3,2,4,3
140,3,2,2,1,2,1,3,1
140,2,2,1,2,2,1,3,2
140,3,3,3,2,3,2,3,3
140,2,2,2,2,2,2,2,1
140,3,4,2,3,4,3,3,2
140,3,2,2,2,2,2,3,2
140,4,2,2,4,4,3,3,2
140,4,4,3,3,3,4,3,4
141,2,2,1,1,1,2,3,1
141,2,1,1,2,1,1,1,1
141,1,1,2,1,2,1,1,1
141,1,2,2,1,2,1,2,1
141,1,2,4,2,1,1,1,1
141,1,1,2,3,3,1,2,3
141,1,2,2,2,2,1,2,1
141,1,1,1,1,1,1,1,1
141,1,1,1,1,2,1,1,1
141,1,3,3,1,3,1,1,1
142,2,3,4,4,3,2,4,1
142,1,2,4,3,2,1,3,2
142,1,3,3,3,2,3,3,3
142,1,4,1,4,3,1,3,2
142,2,4,3,3,3,1,4,2
142,1,2,3,3,4,1,3,2
142,1,4,2,4,5,1,4,3
142,1,4,4,4,3,1,4,5
142,1,4,4,4,4,2,4,4
142,1,3,5,2,4,1,4,3
143,1,4,4,4,3,2,5,2
143,2,4,2,2,1,2,1,1
143,1,2,2,3,3,2,3,1
143,1,2,2,3,2,1,1,1
143,1,1,1,2,1,1,2,1
143,2,3,2,3,3,2,3,1
143,3,5,2,3,5,3,4,1
143,3,5,3,5,4,4,4,2
143,3,2,1,3,1,1,3,1
143,1,3,1,4,4,3,3,1
144,5,2,3,2,4,2,2,2
144,3,2,3,2,2,2,1,3
144,2,3,2,4,3,2,3,2
144,1,1,2,1,1,1,1,1
144,2,1,2,1,1,1,1,1
144,4,2,1,2,3,1,2,2
144,4,3,2,2,3,2,2,3
144,3,1,2,2,2,1,1,2
144,4,4,3,4,4,2,3,3
144,2,1,2,2,3,1,1,1
145,1,2,3,3,3,1,2,2
145,1,1,1,2,3,1,2,1
145,1,1,2,2,2,1,2,1
145,1,1,2,2,3,1,1,2
145,1,1,2,2,2,1,1,2
145,1,3,2,2,2,1,1,1
145,1,2,1,1,2,1,3,3
145,2,2,4,3,4,1,2,5
145,1,2,1,2,1,1,2,1
145,1,1,1,2,2,1,2,1
146,2,3,4,3,3,2,2,3
146,4,4,3,4,4,4,4,2
146,1,1,2,1,1,1,1,1
146,1,1,3,3,2,1,2,1
146,1,1,2,1,1,1,2,1
146,2,2,1,1,3,2,2,3
146,1,2,3,3,2,1,2,5
146,1,1,1,1,1,1,2,2
146,2,2,2,2,3,2,1,1
146,1,1,2,1,2,1,1,1
147,2,1,1,4,1,2,2,2
147,2,4,2,4,3,3,4,2
147,1,3,2,4,2,1,3,2
147,1,2,2,3,3,1,4,4
147,1,1,2,1,2,1,2,3
147,3,4,2,5,3,1,4,3
147,2,1,2,3,1,1,2,1
147,1,1,1,1,1,1,2,1
147,1,2,1,3,2,1,2,2
147,3,2,2,3,4,2,2,3
148,2,2,2,5,2,1,4,4
148,1,1,1,1,1,1,3,2
148,1,2,1,2,2,1,3,2
148,1,2,1,3,2,1,2,2
148,1,2,2,2,2,1,2,1
148,1,1,2,2,1,1,1,1
148,1,1,1,1,1,1,1,1
148,2,3,2,3,3,2,4,2
148,1,1,2,2,1,1,2,2
148,2,2,1,2,3,1,2,1
149,2,2,3,4,2,1,2,2
149,4,5,1,2,3,2,5,3
149,4,4,2,2,1,1,1,2
149,4,5,3,5,4,2,4,4
149,2,3,1,3,2,1,3,2
149,3,2,1,3,3,1,3,2
149,4,3,1,3,3,3,3,2
149,2,2,3,2,2,1,2,1
149,2,4,3,5,2,2,3,3
149,2,3,3,5,2,3,4,3
150,1,4,1,2,2,2,3,3
150,2,3,1,2,2,1,3,2
150,4,4,3,4,3,3,3,4
150,2,3,2,2,1,2,3,3
150,2,3,2,2,2,2,1,4
150,2,3,2,2,1,1,3,3
150,2,4,5,4,3,2,4,4
150,3,4,3,4,3,2,3,3
150,2,2,3,4,2,1,4,3
150,3,3,4,3,3,3,4,4
151,1,1,1,1,1,1,1,1
151,1,1,1,1,1,1,1,1
151,2,3,1,2,2,1,2,1
151,1,3,1,2,1,1,2,1
151,2,3,2,3,3,1,3,1
151,2,3,2,3,3,1,3,1
151,1,2,1,3,1,1,2,1
151,1,1,1,2,2,2,2,1
151,2,3,1,2,2,2,4,2
151,1,4,2,2,3,2,4,2
152,4,2,3,2,4,5,3,4
152,3,1,2,3,3,2,2,3
152,4,1,2,2,2,1,2,2
152,3,1,3,3,3,4,3,3
152,3,2,4,3,3,4,2,5
152,2,2,3,3,5,4,3,4
152,4,2,4,3,4,4,3,4
152,5,3,4,4,4,3,4,5
152,2,2,4,2,3,5,2,4
152,3,3,2,3,2,2,4,4
153,2,1,1,2,1,1,1,1
153,3,3,4,5,4,4,3,2
153,1,2,1,1,1,1,2,1
153,1,2,2,1,1,1,1,1
153,1,2,2,2,2,1,4,3
153,2,3,1,2,2,1,3,1
153,2,1,2,2,1,2,1,1
153,2,1,2,2,2,2,2,1
153,1,1,2,2,2,2,1,1
153,2,2,2,3,1,2,1,1
154,2,1,3,2,2,2,2,1
154,1,1,3,2,3,2,1,1
154,1,1,2,1,2,2,2,1
154,1,1,2,1,1,1,1,1
154,2,3,1,2,2,1,1,1
154,1,1,1,2,2,1,2,1
154,1,1,1,2,1,1,1,1
154,1,1,2,1,1,1,1,1
154,1,2,1,2,2,1,2,1
154,1,2,1,1,1,1,1,1
155,2,4,2,4,3,2,3,5
155,1,4,1,1,1,1,4,1
155,2,2,3,3,2,1,3,2
155,1,1,2,2,3,1,2,1
155,1,2,1,2,1,1,3,1
155,3,5,3,4,3,1,5,2
155,3,3,1,1,2,1,2,1
155,2,3,2,3,4,2,3,2
155,2,2,1,2,1,1,2,1
155,3,4,3,3,3,2,5,2
156,2,2,1,2,3,1,1,1
156,1,2,2,1,2,1,2,2
156,3,3,2,2,2,2,2,1
156,1,1,1,1,1,1,1,1
156,1,1,2,1,1,1,1,1
156,1,2,1,2,1,2,1,2
156,1,1,1,1,1,1,2,1
156,2,2,1,1,1,1,3,1
156,1,1,1,2,1,1,2,1
156,1,1,3,2,2,1,1,1
157,1,3,1,1,2,1,2,2
157,3,2,3,2,1,1,1,1
157,2,1,1,1,1,1,1,1
157,1,1,2,1,2,3,1,2
157,2,1,2,1,2,2,1,1
157,1,1,2,1,1,1,1,1
157,3,3,3,1,3,2,2,3
157,4,4,2,2,3,1,2,2
157,1,1,3,2,2,2,1,2
157,2,1,3,2,2,2,2,3
158,2,2,1,1,2,1,3,2
158,3,3,3,3,2,1,3,3
158,2,3,2,2,2,2,3,2
158,1,1,1,1,2,1,2,1
158,2,3,3,3,2,2,2,3
158,2,1,1,1,1,1,1,1
158,1,1,1,2,3,1,1,1
158,1,1,2,1,1,1,1,1
158,1,1,2,1,2,3,2,1
158,1,2,3,1,1,1,2,2
159,1,1,1,3,2,1,3,1
159,1,1,2,2,2,1,1,1
159,1,2,1,2,3,1,1,1
159,1,2,2,1,2,1,2,1
159,1,2,3,3,2,1,1,1
159,2,2,2,2,2,1,2,2
159,1,1,1,3,2,1,2,1
159,2,2,2,3,3,2,3,2
159,3,2,2,4,4,3,3,3
159,2,3,3,3,4,2,5,3
160,1,1,1,1,1,1,1,1
160,1,2,4,2,4,1,2,1
160,2,5,2,4,4,1,4,1
160,1,4,3,4,3,1,3,1
160,2,4,3,4,3,1,4,1
160,1,3,2,2,3,1,2,1
160,1,1,2,2,1,1,2,1
160,2,4,2,3,2,2,3,2
160,1,2,1,2,2,1,1,1
160,2,5,3,3,1,2,2,1
161,3,3,2,4,5,1,5,3
161,1,1,2,2,3,1,4,2
161,2,1,4,2,2,1,2,3
161,3,2,2,4,3,2,3,2
161,3,3,2,3,4,4,3,3
161,2,3,3,3,3,2,4,2
161,2,3,2,3,4,2,3,3
161,2,2,2,2,2,1,2,4
161,2,2,4,4,3,2,3,1
161,1,3,3,4,3,2,4,4
162,1,2,5,2,4,1,1,2
162,2,2,2,1,3,2,1,1
162,2,2,3,3,4,1,3,3
162,4,4,3,4,4,2,4,4
162,1,4,2,2,3,1,3,2
162,2,1,2,1,2,1,1,1
162,1,3,3,3,2,1,2,1
162,2,2,3,3,2,1,3,2
162,4,4,4,4,5,2,5,3
162,2,4,4,3,4,1,4,2
163,4,5,3,3,3,1,5,5
163,3,4,3,4,2,2,3,3
163,2,4,4,1,1,1,4,5
163,2,4,3,2,2,1,5,4
163,2,5,5,2,3,2,4,2
163,3,5,3,3,3,3,4,4
163,4,4,3,3,3,4,4,4
163,4,3,3,5,5,5,5,3
163,3,3,2,3,3,2,5,3
163,4,4,3,4,4,3,4,3
164,3,3,1,3,3,3,3,1
164,3,2,1,3,4,1,2,3
164,1,2,4,2,2,2,3,3
164,2,4,4,4,4,3,5,4
164,2,4,2,5,4,2,5,3
164,3,2,1,3,2,1,3,2
164,1,3,2,4,2,2,4,3
164,2,1,2,1,2,2,1,2
164,1,2,3,2,5,1,1,2
164,2,2,1,3,1,2,2,2
165,2,4,3,3,2,2,3,1
165,2,2,2,2,1,1,3,2
165,2,2,2,1,1,1,2,1
165,3,5,2,3,3,1,4,2
165,1,2,1,2,3,1,2,3
165,1,3,1,2,2,1,2,2
165,1,1,1,1,1,1,1,1
165,1,2,1,1,1,1,1,2
165,1,2,1,1,1,1,1,1
165,1,1,1,3,1,2,2,3
166,2,4,4,4,4,2,3,4
166,3,4,4,4,3,2,5,3
166,3,3,3,4,4,3,4,3
166,1,1,2,1,3,2,2,3
166,2,1,2,2,2,1,2,2
166,2,1,4,1,2,3,1,1
166,2,2,5,3,4,2,3,2
166,1,1,2,1,1,1,1,1
166,1,2,2,1,2,1,2,1
166,2,1,2,2,3,1,1,1
167,2,1,2,2,2,1,2,2
167,2,4,3,3,2,1,2,1
167,2,2,2,3,4,2,3,2
167,2,1,4,1,3,1,1,3
167,1,1,1,2,1,2,2,1
167,1,1,1,1,1,1,1,1
167,1,2,3,2,2,1,1,1
167,2,1,4,2,2,1,1,1
167,1,2,3,3,2,1,1,1
167,3,5,5,4,4,2,3,3
168,2,1,2,2,2,1,2,2
168,2,4,3,3,2,1,2,1
168,2,2,2,3,4,2,3,2
168,2,1,4,1,3,1,1,3
168,1,1,1,2,1,2,2,1
168,1,1,1,1,1,1,1,1
168,1,2,3,2,2,1,1,1
168,2,1,4,2,2,1,1,1
168,1,2,3,3,2,1,1,1
168,3,5,5,4,4,2,3,3
169,1,3,1,1,1,1,2,1
169,1,2,2,2,1,1,2,1
169,1,2,1,1,1,1,2,1
169,2,3,2,2,2,1,1,2
169,1,1,2,2,2,1,1,2
169,1,1,2,1,1,1,1,1
169,1,1,2,1,1,1,2,1
169,1,2,2,1,1,1,3,1
169,1,2,2,1,1,1,1,2
169,1,5,2,2,2,1,2,1
170,1,1,3,1,1,1,2,2
170,3,4,2,3,3,2,4,5
170,2,1,2,2,2,1,3,2
170,1,2,1,3,3,1,3,3
170,1,1,1,1,2,1,1,4
170,2,2,2,2,2,1,1,1
170,1,2,2,1,3,1,3,4
170,2,3,3,1,3,3,4,3
170,1,2,3,2,1,1,1,3
170,2,2,1,1,1,1,1,2
171,3,2,4,3,3,3,4,3
171,1,1,4,2,1,1,1,1
171,4,3,3,4,3,4,3,2
171,2,3,3,3,3,3,4,1
171,1,3,2,4,3,3,4,1
171,3,4,3,5,5,5,5,4
171,3,4,5,4,4,4,5,3
171,2,2,3,4,3,3,4,3
171,1,3,3,4,4,2,4,1
171,2,3,4,4,3,3,4,2
172,3,4,4,4,3,1,4,5
172,4,3,3,3,3,2,3,2
172,2,2,4,3,4,2,2,2
172,2,3,3,3,4,3,3,3
172,4,3,4,2,3,2,2,1
172,4,3,2,2,1,2,3,3
172,3,3,1,3,2,2,2,2
172,2,4,3,3,2,2,3,2
172,1,3,4,3,3,2,5,5
172,1,1,3,2,1,2,1,1
173,1,2,2,2,2,1,2,2
173,3,3,4,4,3,1,4,4
173,1,3,2,4,5,1,4,4
173,2,3,2,4,4,1,3,2
173,1,2,4,2,2,1,3,3
173,1,3,3,4,3,1,4,3
173,1,3,2,4,3,1,3,2
173,2,4,3,3,2,1,3,4
173,1,3,2,3,4,3,4,4
173,2,5,3,4,5,3,5,4
174,1,1,1,1,1,1,2,2
174,2,3,2,2,3,2,2,1
174,1,4,4,4,3,2,5,4
174,2,2,2,2,2,1,3,2
174,1,2,3,2,2,3,2,1
174,2,2,2,2,2,1,2,1
174,2,4,4,4,4,4,3,2
174,3,3,4,3,3,2,5,2
174,3,2,3,2,2,1,3,2
174,2,4,2,4,4,3,5,2
175,4,2,3,3,3,3,4,2
175,3,2,3,3,4,2,4,2
175,3,5,3,5,4,4,5,5
175,5,5,4,4,5,4,4,3
175,3,4,2,4,5,4,4,5
175,4,4,3,4,4,3,4,5
175,5,2,3,3,4,3,4,4
175,3,4,5,5,4,4,3,3
175,5,4,2,3,2,4,3,3
175,3,2,3,2,3,3,3,3
176,1,4,4,4,3,2,5,2
176,2,4,2,2,1,2,1,1
176,1,2,2,3,3,2,3,1
176,1,2,2,3,2,1,1,1
176,1,1,1,2,1,1,2,1
176,2,3,2,3,3,2,3,1
176,3,5,2,3,5,3,4,1
176,3,5,3,5,4,4,4,2
176,3,2,1,3,1,1,3,1
176,1,3,1,4,4,3,3,1
177,1,1,2,3,1,1,1,2
177,1,2,1,2,1,1,1,1
177,1,1,3,2,2,1,1,1
177,1,3,2,3,3,1,3,1
177,2,5,2,2,2,1,3,2
177,1,3,3,2,2,1,3,1
177,1,2,3,4,3,1,3,3
177,1,2,2,3,1,1,2,2
177,1,2,2,1,1,1,1,1
177,1,2,2,2,2,1,2,1
178,1,3,1,1,1,2,1,3
178,1,1,3,1,1,1,1,2
178,2,3,3,4,3,1,3,3
178,2,1,3,3,3,1,2,2
178,2,1,4,2,3,1,1,2
178,1,1,4,3,1,1,1,5
178,1,1,3,1,1,1,1,2
178,2,3,5,4,4,2,4,4
178,3,3,3,3,4,3,3,3
178,3,4,4,3,5,2,2,2
179,1,1,2,2,2,1,2,1
179,1,1,1,1,1,1,1,2
179,1,2,2,2,2,1,1,2
179,1,5,2,4,4,3,4,4
179,1,2,2,2,3,1,3,3
179,2,2,2,2,3,2,2,1
179,1,3,4,3,4,1,4,3
179,1,2,2,3,2,2,4,3
179,1,2,1,1,1,1,1,3
179,2,1,1,1,2,1,2,2
180,1,1,2,3,2,1,3,2
180,2,4,4,5,2,1,4,4
180,3,4,3,5,5,1,4,5
180,2,1,3,3,1,1,3,2
180,1,2,2,3,1,1,1,3
180,2,4,4,4,3,1,3,4
180,2,3,1,3,3,1,2,2
180,2,3,3,4,3,2,3,2
180,3,5,4,5,3,2,4,2
180,2,3,2,5,4,2,5,3
181,3,3,3,4,4,4,3,3
181,3,4,1,3,2,4,4,3
181,5,2,1,2,2,4,4,4
181,2,3,3,4,3,3,4,3
181,1,3,1,2,2,4,2,4
181,3,4,2,3,1,3,2,4
181,3,3,2,3,3,5,4,4
181,2,3,2,3,2,3,3,3
181,1,2,4,3,3,2,2,4
181,3,3,1,3,2,3,3,4
182,1,1,2,1,1,1,1,1
182,1,2,2,1,1,1,2,1
182,1,1,1,1,1,1,1,1
182,1,2,1,2,1,1,1,1
182,1,1,2,1,1,1,1,1
182,2,2,2,1,1,2,2,1
182,1,1,1,1,1,1,1,1
182,1,2,1,1,1,1,2,1
182,1,2,1,1,1,1,2,1
182,1,1,1,1,2,1,1,2
183,3,3,5,4,4,2,5,5
183,1,1,2,2,2,1,3,3
183,3,3,1,3,2,2,4,5
183,1,3,2,3,4,3,4,4
183,3,4,1,5,4,1,5,4
183,3,4,3,4,3,2,5,5
183,1,4,4,4,5,3,5,4
183,1,1,1,2,2,1,2,3
183,2,2,1,3,4,2,3,3
183,1,1,2,2,1,2,2,3
184,2,3,3,2,3,2,3,1
184,1,2,2,3,2,1,3,2
184,1,2,2,3,1,1,2,3
184,1,1,1,1,2,2,2,3
184,1,1,1,2,1,1,1,1
184,1,1,3,2,2,1,2,2
184,1,2,3,2,1,1,1,2
184,1,1,2,1,1,1,1,1
184,1,1,2,1,2,1,1,1
184,2,2,1,3,2,2,2,4
185,1,2,1,1,1,1,1,1
185,2,2,1,2,2,1,3,1
185,2,2,2,1,2,1,3,3
185,1,2,2,3,3,1,3,1
185,1,2,1,2,2,2,3,1
185,1,2,1,1,1,1,1,1
185,1,2,1,2,2,1,2,1
185,1,1,2,1,1,1,2,2
185,1,2,1,2,2,1,2,1
185,1,2,2,1,2,2,2,1
186,2,3,4,3,3,1,5,3
186,4,5,4,4,5,2,5,5
186,1,1,1,2,3,1,4,1
186,1,3,2,2,2,1,3,1
186,1,4,3,4,4,2,4,3
186,1,3,3,2,4,1,4,1
186,2,2,4,2,3,1,4,3
186,1,4,3,4,4,2,4,2
186,1,2,1,2,5,2,5,4
186,2,2,2,3,4,2,4,4
187,1,2,1,2,1,1,1,1
187,1,2,1,2,2,1,2,1
187,1,4,2,2,3,1,3,1
187,2,3,4,4,3,1,4,3
187,2,4,3,4,3,1,3,3
187,1,2,4,1,4,1,2,1
187,2,2,3,4,5,1,5,1
187,1,4,2,4,3,1,4,2
187,2,3,2,4,2,1,5,3
187,1,2,3,1,2,1,3,3
188,3,2,4,3,4,2,4,1
188,2,1,3,1,3,1,2,2
188,2,1,2,1,1,1,1,1
188,4,3,3,4,4,2,4,2
188,3,4,2,4,3,1,5,2
188,1,1,1,1,2,1,1,1
188,1,1,1,2,1,1,1,1
188,1,1,2,1,2,1,1,1
188,1,3,2,2,1,2,2,1
188,2,2,2,3,3,2,3,2
189,1,3,4,4,3,5,3,4
189,2,3,3,2,3,4,3,4
189,3,4,2,4,3,3,4,2
189,3,4,4,4,4,4,5,4
189,4,5,4,4,4,4,3,3
189,3,3,4,2,3,3,2,2
189,3,4,3,2,2,2,2,1
189,3,4,4,3,3,2,3,1
189,4,3,3,4,3,3,4,1
189,3,4,3,3,4,2,5,3
190,4,2,3,3,3,4,3,1
190,3,3,1,3,3,2,3,2
190,4,3,2,3,3,4,3,1
190,1,2,3,3,3,2,3,1
190,2,3,2,2,2,1,3,2
190,4,5,4,3,4,4,4,4
190,1,3,2,2,1,2,2,1
190,1,3,1,3,2,2,3,1
190,3,1,2,2,2,1,2,2
190,3,3,4,3,5,4,4,3
191,2,5,2,4,3,3,4,5
191,1,1,3,2,1,1,2,1
191,4,4,2,4,2,1,2,4
191,2,3,3,3,2,1,3,2
191,1,1,2,1,2,1,1,1
191,1,3,1,3,3,1,4,4
191,2,1,1,1,2,1,1,2
191,1,1,1,2,1,1,1,1
191,1,1,1,2,1,1,1,2
191,1,2,2,1,2,1,2,2
192,1,2,2,2,2,1,2,2
192,3,3,4,4,3,1,4,4
192,1,3,2,4,5,1,4,4
192,2,3,2,4,4,1,3,2
192,1,2,4,2,2,1,3,3
192,1,3,3,4,3,1,4,3
192,1,3,2,4,3,1,3,2
192,2,4,3,3,2,1,3,4
192,1,3,2,3,4,3,4,4
192,2,5,3,4,5,3,5,4
193,2,3,2,2,1,1,3,3
193,2,1,2,2,3,1,2,3
193,1,2,2,3,3,1,2,2
193,1,1,1,1,1,1,2,1
193,1,3,3,2,4,1,3,1
193,1,2,2,2,2,1,2,3
193,1,2,1,3,2,2,2,1
193,2,2,1,1,1,1,2,1
193,1,1,1,1,1,1,2,1
193,1,1,2,2,1,1,1,1
194,4,2,3,2,4,5,3,4
194,3,1,2,3,3,2,2,3
194,4,1,2,2,2,1,2,2
194,3,1,3,3,3,4,3,3
194,3,2,4,3,3,4,2,5
194,2,2,3,3,5,4,3,4
194,4,2,4,3,4,4,3,4
194,5,3,4,4,4,3,4,5
194,2,2,4,2,3,5,2,4
194,3,3,2,3,2,2,4,4
195,4,1,2,2,1,1,1,1
195,1,1,1,1,1,1,1,1
195,2,2,2,1,1,1,1,1
195,4,2,2,2,2,2,2,3
195,2,2,2,2,2,2,3,2
195,1,4,2,3,2,2,3,3
195,2,3,2,3,2,4,4,2
195,2,3,1,3,2,2,3,2
195,2,3,2,4,1,1,2,3
195,2,3,2,2,2,2,3,4
196,1,1,2,1,1,1,1,2
196,1,1,2,1,1,1,2,1
196,1,2,2,3,2,1,1,1
196,1,2,2,2,2,1,2,1
196,1,1,2,2,1,1,2,1
196,1,2,4,3,3,3,3,2
196,1,2,2,1,1,1,2,2
196,1,1,1,1,1,1,2,1
196,1,1,1,2,2,1,1,1
196,2,3,4,3,4,3,3,4
197,1,1,5,1,2,1,2,1
197,1,2,2,2,2,1,2,2
197,2,1,1,1,2,1,1,1
197,2,3,3,3,2,1,1,1
197,2,1,2,1,1,1,1,2
197,3,2,4,2,2,1,2,1
197,1,1,2,1,1,1,1,1
197,2,2,3,2,2,1,1,2
197,1,1,1,2,1,1,2,1
197,1,2,2,4,3,2,3,3
198,2,1,1,1,2,1,1,1
198,1,1,2,2,2,2,2,1
198,3,2,3,1,2,2,2,1
198,2,1,3,2,2,1,1,1
198,3,3,2,2,3,2,2,4
198,2,1,1,2,1,1,2,1
198,2,5,2,3,2,3,4,1
198,2,3,2,5,4,4,4,3
198,2,3,3,2,3,2,2,2
198,2,1,2,2,2,2,3,2
199,1,1,1,2,1,1,1,2
199,1,4,2,2,3,2,4,1
199,2,2,1,1,1,1,4,1
199,1,2,1,1,1,1,1,1
199,1,3,1,1,1,2,2,1
199,1,2,1,1,2,1,2,1
199,1,2,1,2,2,2,2,1
199,2,3,3,3,2,3,3,2
199,3,3,3,3,3,2,4,1
199,1,2,2,2,1,2,3,1
200,1,3,3,4,3,1,3,3
200,3,3,3,3,4,1,3,3
200,1,4,2,4,4,1,2,2
200,1,2,2,2,2,1,3,2
200,3,4,3,5,3,2,4,3
200,1,3,2,3,2,1,3,2
200,1,4,2,3,1,1,4,4
200,3,4,2,4,2,1,4,1
200,3,4,3,4,3,1,4,4
200,4,4,3,4,4,2,4,3
201,1,1,2,1,1,1,1,1
201,1,3,1,2,2,1,1,1
201,3,4,4,3,2,1,3,4
201,2,2,3,3,2,2,3,4
201,2,3,2,4,3,2,2,3
201,1,2,2,1,1,1,1,1
201,2,3,3,3,3,1,2,1
201,1,3,3,3,4,2,4,3
201,1,3,2,3,2,1,3,2
201,1,1,1,2,1,1,2,1
202,1,1,1,1,1,1,2,2
202,2,3,2,2,3,2,2,1
202,1,4,4,4,3,2,5,4
202,2,2,2,2,2,1,3,2
202,1,2,3,2,2,3,2,1
202,2,2,2,2,2,1,2,1
202,2,4,4,4,4,4,3,2
202,3,3,4,3,3,2,5,2
202,3,2,3,2,2,1,3,2
202,2,4,2,4,4,3,5,2
203,2,1,3,2,2,2,2,1
203,1,1,3,2,3,2,1,1
203,1,1,2,1,2,2,2,1
203,1,1,2,1,1,1,1,1
203,2,3,1,2,2,1,1,1
203,1,1,1,2,2,1,2,1
203,1,1,1,2,1,1,1,1
203,1,1,2,1,1,1,1,1
203,1,2,1,2,2,1,2,1
203,1,2,1,1,1,1,1,1
204,2,1,1,2,2,1,2,2
204,1,5,1,4,1,1,3,2
204,1,4,2,2,2,1,3,2
204,1,3,3,3,2,1,2,1
204,1,2,3,1,2,1,1,1
204,1,1,3,1,2,1,1,1
204,1,1,1,2,2,1,3,2
204,1,1,2,1,1,1,2,2
204,1,1,1,1,1,1,1,2
204,1,1,2,1,1,1,2,2
205,3,4,1,5,4,2,5,2
205,3,3,2,3,3,2,3,2
205,3,2,1,2,2,1,3,2
205,2,3,1,1,1,1,1,3
205,2,4,2,3,3,2,5,3
205,3,1,2,3,2,1,2,2
205,2,2,2,3,2,2,3,1
205,5,4,2,5,3,4,5,3
205,5,4,2,4,2,5,4,2
205,4,3,2,4,2,4,4,3
206,3,2,1,2,2,4,3,2
206,3,3,3,4,3,4,4,3
206,3,3,2,2,3,3,3,2
206,2,2,3,2,4,4,3,1
206,3,3,2,1,1,2,3,2
206,3,3,3,3,3,2,3,5
206,3,3,2,3,1,1,2,2
206,4,2,3,1,2,3,1,3
206,3,2,2,1,3,2,1,1
206,1,2,2,1,2,2,1,2
207,2,3,1,1,2,2,3,2
207,2,3,1,2,3,2,2,2
207,2,3,2,2,2,2,1,3
207,2,4,3,4,4,4,5,3
207,3,5,3,5,4,4,5,4
207,4,4,2,5,4,2,5,1
207,4,4,3,5,5,3,5,3
207,1,2,2,2,2,2,2,1
207,2,3,2,3,2,2,2,1
207,2,4,2,3,3,3,3,3
208,3,3,4,4,3,1,3,3
208,3,5,4,4,3,1,4,3
208,4,3,4,4,4,2,5,4
208,1,1,3,1,2,1,2,3
208,3,3,3,4,4,2,4,5
208,3,5,4,4,3,1,4,4
208,4,4,4,4,4,1,3,3
208,3,2,2,3,2,2,5,3
208,3,2,2,4,4,2,5,3
208,2,4,4,4,4,2,4,5
209,1,2,2,3,2,1,1,1
209,1,1,1,1,1,1,1,1
209,1,1,2,1,1,1,1,1
209,1,1,1,1,2,1,1,1
209,1,1,1,2,1,1,1,1
209,1,1,2,1,2,1,2,1
209,1,1,2,2,1,1,1,2
209,1,2,1,1,1,2,1,1
209,2,4,3,2,3,2,3,1
209,1,1,2,2,1,1,1,1
210,1,3,2,2,2,1,1,1
210,1,2,3,2,2,1,2,1
210,1,4,1,4,3,1,4,1
210,2,3,3,3,3,1,4,2
210,1,3,2,2,3,1,3,1
210,1,3,1,2,1,1,2,1
210,1,5,1,4,3,1,4,1
210,1,4,1,2,2,1,4,1
210,1,3,1,1,1,1,3,1
210,1,3,1,2,2,1,3,1
211,1,1,1,1,2,1,2,1
211,1,1,1,1,1,2,1,1
211,2,2,2,2,2,2,2,3
211,3,3,1,2,1,2,2,1
211,1,1,1,1,1,1,1,1
211,1,1,1,1,1,1,1,1
211,1,1,1,1,1,1,1,1
211,1,1,1,2,2,1,1,1
211,2,2,3,2,3,1,2,2
211,2,2,1,3,3,1,3,2
212,4,3,2,3,3,4,3,2
212,1,1,2,2,2,2,2,1
212,2,4,3,4,3,2,4,3
212,2,2,3,2,1,1,1,1
212,1,1,1,1,1,1,1,1
212,1,3,2,3,3,1,4,2
212,2,2,2,1,1,1,1,2
212,1,1,1,3,1,1,2,4
212,3,3,2,3,2,1,2,1
212,3,3,2,4,3,1,4,2
213,1,1,2,1,1,1,1,1
213,1,3,1,2,2,1,1,1
213,3,4,4,3,2,1,3,4
213,2,2,3,3,2,2,3,4
213,2,3,2,4,3,2,2,3
213,1,2,2,1,1,1,1,1
213,2,3,3,3,3,1,2,1
213,1,3,3,3,4,2,4,3
213,1,3,2,3,2,1,3,2
213,1,1,1,2,1,1,2,1
214,2,3,2,2,1,1,3,3
214,2,1,2,2,3,1,2,3
214,1,2,2,3,3,1,2,2
214,1,1,1,1,1,1,2,1
214,1,3,3,2,4,1,3,1
214,1,2,2,2,2,1,2,3
214,1,2,1,3,2,2,2,1
214,2,2,1,1,1,1,2,1
214,1,1,1,1,1,1,2,1
214,1,1,2,2,1,1,1,1
215,1,3,3,3,4,1,4,1
215,3,2,2,2,3,1,1,1
215,3,1,1,2,1,2,5,1
215,3,2,2,1,2,1,2,2
215,2,2,2,2,2,1,2,1
215,3,4,4,3,3,3,4,4
215,1,1,1,3,2,1,2,2
215,2,2,2,1,2,1,2,2
215,3,1,4,3,2,5,4,3
215,1,1,2,1,2,1,1,2
216,4,2,4,2,3,2,2,1
216,3,4,4,4,3,1,3,3
216,3,4,3,5,3,1,4,2
216,4,2,2,2,3,1,2,1
216,2,1,4,1,2,1,2,2
216,1,1,4,2,2,1,1,1
216,1,1,3,2,2,1,3,1
216,1,1,3,1,1,1,1,1
216,1,1,2,2,2,1,2,2
216,1,1,3,3,2,1,1,2
217,3,3,3,2,2,2,3,3
217,1,2,4,2,1,1,2,1
217,1,2,3,4,3,1,3,1
217,2,3,2,4,2,1,3,1
217,1,1,2,2,1,1,1,1
217,1,3,3,4,3,2,4,2
217,2,1,3,2,1,1,2,2
217,2,3,2,2,2,1,2,1
217,1,2,2,3,2,1,2,1
217,2,3,2,2,1,1,3,1
218,3,4,1,5,4,2,5,2
218,3,3,2,3,3,2,3,2
218,3,2,1,2,2,1,3,2
218,2,3,1,1,1,1,1,3
218,2,4,2,3,3,2,5,3
218,3,1,2,3,2,1,2,2
218,2,2,2,3,2,2,3,1
218,5,4,2,5,3,4,5,3
218,5,4,2,4,2,5,4,2
218,4,3,2,4,2,4,4,3
219,3,4,4,4,3,1,4,5
219,4,3,3,3,3,2,3,2
219,2,2,4,3,4,2,2,2
219,2,3,3,3,4,3,3,3
219,4,3,4,2,3,2,2,1
219,4,3,2,2,1,2,3,3
219,3,3,1,3,2,2,2,2
219,2,4,3,3,2,2,3,2
219,1,3,4,3,3,2,5,5
219,1,1,3,2,1,2,1,1
220,1,3,3,3,4,2,3,4
220,2,1,1,1,1,1,1,2
220,1,1,2,1,1,2,1,2
220,2,1,1,1,1,2,1,1
220,1,1,1,1,1,1,2,1
220,1,1,3,1,1,2,1,2
220,1,1,3,1,3,1,2,2
220,2,1,3,1,2,1,1,1
220,1,1,2,1,1,1,1,2
220,1,1,2,2,3,1,1,2
221,4,4,1,4,4,3,5,3
221,5,4,4,4,4,2,5,3
221,3,3,2,2,3,1,3,3
221,3,3,2,3,4,2,3,5
221,2,4,1,3,3,1,2,3
221,4,4,1,3,2,1,4,2
221,3,4,2,3,2,2,4,2
221,2,3,1,1,1,1,3,1
221,2,4,1,2,2,1,2,1
221,3,3,2,3,3,2,3,3
222,1,1,4,4,5,3,4,4
222,1,1,2,2,2,1,1,1
222,2,1,2,1,1,2,2,3
222,2,1,2,1,1,1,1,1
222,1,1,3,2,3,1,1,1
222,1,1,3,1,2,1,1,2
222,1,1,3,1,1,1,1,1
222,1,2,3,2,2,1,2,1
222,1,2,2,2,3,1,2,2
222,1,1,3,2,1,1,1,1
223,1,1,4,4,5,3,4,4
223,1,1,2,2,2,1,1,1
223,2,1,2,1,1,2,2,3
223,2,1,2,1,1,1,1,1
223,1,1,3,2,3,1,1,1
223,1,1,3,1,2,1,1,2
223,1,1,3,1,1,1,1,1
223,1,2,3,2,2,1,2,1
223,1,2,2,2,3,1,2,2
223,1,1,3,2,1,1,1,1
224,1,2,2,2,2,1,2,2
224,1,1,2,2,1,1,2,2
224,3,2,1,2,2,1,3,2
224,2,2,1,2,1,1,2,2
224,3,1,2,2,2,1,2,2
224,2,2,4,2,2,1,1,2
224,2,3,3,2,3,1,3,4
224,3,3,4,3,3,3,3,2
224,2,1,1,2,1,1,2,2
224,4,2,2,2,2,3,3,2
225,1,3,3,3,1,1,1,1
225,5,2,1,2,2,1,2,1
225,2,2,1,2,2,1,1,1
225,2,3,3,2,2,2,3,2
225,2,2,2,1,2,1,1,1
225,2,2,1,1,1,1,1,1
225,1,2,1,1,1,1,1,1
225,2,3,3,3,2,1,4,4
225,1,1,1,1,1,1,1,1
225,2,1,1,1,1,1,2,1
226,1,2,3,3,3,1,2,1
226,2,1,2,2,2,1,1,1
226,1,2,1,1,1,1,1,1
226,1,1,2,1,2,1,1,1
226,1,1,3,1,2,1,1,1
226,1,1,2,1,2,2,1,1
226,2,2,1,1,1,1,1,1
226,2,1,2,2,2,1,1,2
226,1,1,2,1,2,1,1,1
226,1,1,1,2,1,1,2,1
227,2,3,4,3,2,1,3,4
227,1,3,2,3,3,1,2,1
227,2,2,3,3,3,1,2,2
227,1,1,1,1,1,1,1,2
227,1,2,2,2,1,1,2,1
227,2,2,3,3,2,2,3,3
227,1,1,3,1,2,1,1,2
227,1,1,1,2,1,1,1,1
227,1,1,2,2,1,1,1,1
227,1,1,1,1,1,1,2,2
228,4,2,1,3,1,2,1,1
228,1,2,2,1,1,2,1,2
228,3,5,2,3,2,1,3,1
228,3,2,1,3,2,1,1,1
228,3,1,2,1,1,1,1,1
228,2,3,2,3,2,1,2,2
228,3,3,1,2,1,1,1,1
228,3,4,1,2,2,3,3,2
228,2,4,1,2,1,1,2,2
228,1,2,1,2,1,1,1,1
229,4,2,3,3,3,4,3,1
229,3,3,1,3,3,2,3,2
229,4,3,2,3,3,4,3,1
229,1,2,3,3,3,2,3,1
229,2,3,2,2,2,1,3,2
229,4,5,4,3,4,4,4,4
229,1,3,2,2,1,2,2,1
229,1,3,1,3,2,2,3,1
229,3,1,2,2,2,1,2,2
229,3,3,4,3,5,4,4,3
230,2,3,1,3,2,1,4,4
230,3,2,3,4,3,1,3,2
230,3,2,1,3,2,2,2,1
230,4,3,3,4,3,1,4,2
230,2,3,2,4,2,2,4,2
230,2,1,1,1,1,1,1,2
230,1,1,1,1,2,1,2,2
230,4,3,2,3,3,1,3,3
230,3,4,2,4,4,2,4,3
230,2,1,1,1,1,1,1,1
231,1,1,4,1,2,1,1,1
231,1,1,1,1,2,1,1,1
231,2,3,1,3,3,1,5,2
231,1,1,2,1,1,1,1,1
231,1,2,2,2,2,1,2,1
231,1,2,2,2,2,1,1,1
231,2,2,1,1,1,2,1,1
231,1,1,1,1,1,1,2,2
231,2,3,1,3,3,1,3,2
231,1,2,1,1,2,1,2,1
232,2,3,1,2,4,2,3,2
232,2,2,1,3,1,1,2,2
232,2,2,2,2,2,1,3,2
232,1,1,2,1,1,1,2,1
232,1,2,1,2,3,2,3,2
232,2,2,1,2,2,2,3,3
232,1,2,2,2,3,2,4,3
232,3,4,3,4,4,2,3,1
232,3,2,2,3,2,1,2,1
232,1,1,1,2,2,1,2,2
233,1,2,2,2,2,1,1,1
233,1,1,3,2,2,1,1,1
233,1,1,3,2,2,1,2,2
233,1,1,2,1,2,1,1,1
233,1,1,1,1,3,1,1,1
233,1,1,1,1,1,1,1,1
233,1,1,2,3,3,1,2,1
233,2,3,2,2,2,1,1,1
233,1,2,4,4,3,1,2,1
233,1,2,2,1,2,1,2,1
234,2,2,4,3,3,4,4,4
234,2,4,3,4,3,3,5,5
234,2,2,3,3,2,3,2,3
234,1,1,3,3,3,2,3,2
234,2,3,2,3,4,4,3,2
234,2,1,2,1,1,1,1,1
234,3,2,3,2,3,3,2,3
234,4,4,4,3,4,3,4,3
234,2,2,2,2,2,3,3,3
234,3,3,4,4,3,4,3,3
235,1,3,3,4,3,1,1,1
235,2,3,1,3,2,1,3,3
235,2,2,2,3,1,1,2,1
235,4,5,2,4,4,4,5,2
235,4,4,3,4,3,4,2,1
235,2,2,3,3,4,2,2,1
235,2,5,3,5,3,3,3,2
235,1,2,3,2,2,1,3,1
235,1,1,2,1,2,1,1,1
235,2,2,2,2,3,2,2,1
236,1,1,3,1,2,1,2,3
236,3,2,5,3,3,2,4,3
236,3,2,2,1,2,1,3,1
236,2,2,1,2,2,1,3,2
236,3,3,3,2,3,2,3,3
236,2,2,2,2,2,2,2,1
236,3,4,2,3,4,3,3,2
236,3,2,2,2,2,2,3,2
236,4,2,2,4,4,3,3,2
236,4,4,3,3,3,4,3,4
237,1,2,2,2,2,1,2,1
237,1,3,3,2,2,1,3,1
237,2,2,1,3,2,2,2,1
237,2,2,1,2,1,1,1,2
237,1,1,1,1,1,2,2,1
237,2,3,4,3,3,2,3,3
237,2,2,3,2,2,1,2,1
237,1,2,2,1,1,1,2,1
237,2,3,4,2,3,1,2,1
237,1,1,2,1,1,1,1,2
238,1,2,1,2,1,1,1,2
238,1,1,1,1,1,1,1,1
238,1,1,1,1,1,1,1,1
238,1,2,1,1,1,1,2,3
238,1,1,1,1,1,1,1,1
238,2,1,1,2,2,1,1,1
238,3,2,1,1,1,1,2,1
238,1,2,1,1,1,1,2,1
238,3,4,1,2,1,2,3,2
238,1,1,2,1,1,1,1,1
239,1,1,2,1,2,1,1,1
239,1,1,2,2,3,1,1,1
239,1,1,2,1,1,1,1,1
239,1,2,1,3,3,1,1,1
239,1,1,1,2,1,1,1,1
239,1,1,2,1,1,2,2,1
239,1,1,1,1,1,1,1,1
239,1,2,1,2,2,1,3,1
239,1,1,2,1,2,1,1,1
239,1,1,2,1,1,2,1,1
240,2,2,3,1,1,1,1,1
240,2,1,1,2,1,1,1,1
240,2,3,3,3,2,1,3,2
240,2,3,1,2,1,1,3,1
240,1,4,4,4,3,1,3,3
240,1,2,1,2,1,1,1,1
240,1,2,1,1,2,1,3,1
240,1,2,1,2,1,1,2,1
240,2,1,1,2,1,1,2,1
240,1,3,2,3,2,1,3,1
241,1,3,3,3,4,1,4,1
241,3,2,2,2,3,1,1,1
241,3,1,1,2,1,2,5,1
241,3,2,2,1,2,1,2,2
241,2,2,2,2,2,1,2,1
241,3,4,4,3,3,3,4,4
241,1,1,1,3,2,1,2,2
241,2,2,2,1,2,1,2,2
241,3,1,4,3,2,5,4,3
241,1,1,2,1,2,1,1,2
242,2,4,5,4,3,1,4,3
242,2,1,2,2,2,1,2,2
242,1,3,1,1,1,1,2,1
242,1,1,2,2,2,1,3,1
242,2,2,2,4,5,1,4,4
242,3,4,3,3,3,2,3,3
242,1,3,1,2,2,1,2,2
242,2,1,3,2,2,1,2,2
242,1,2,4,3,3,2,2,3
242,1,1,3,2,2,1,1,2
243,4,5,2,5,4,1,3,2
243,1,3,2,3,2,1,3,1
243,4,5,3,4,2,2,4,2
243,1,5,4,4,4,1,4,3
243,2,4,4,4,4,2,4,3
243,3,4,3,3,2,1,4,4
243,4,5,3,4,3,2,4,2
243,2,5,4,4,4,2,4,4
243,3,3,3,4,3,3,4,3
243,3,5,3,4,3,2,5,3
244,1,2,1,3,3,1,2,1
244,1,2,2,2,2,1,1,1
244,3,5,3,5,4,3,5,3
244,2,1,1,1,2,2,2,1
244,2,1,1,2,2,1,1,1
244,1,2,2,1,2,1,2,1
244,2,1,2,2,3,2,2,1
244,3,3,3,4,3,2,2,1
244,1,2,2,2,2,1,3,1
244,2,4,1,3,2,1,2,1
245,2,2,3,4,3,1,3,5
245,3,1,3,2,3,1,1,1
245,1,1,1,1,1,1,1,1
245,2,3,1,2,1,1,2,2
245,1,1,2,1,1,1,1,1
245,2,3,3,2,3,2,1,4
245,1,3,1,1,2,1,2,2
245,1,2,2,1,1,1,1,2
245,1,1,2,1,1,1,1,2
245,2,3,2,4,2,1,3,3
246,2,3,5,4,3,1,2,3
246,4,5,4,3,3,3,4,1
246,3,3,4,3,2,4,3,5
246,3,4,4,3,4,2,3,1
246,2,3,2,3,3,3,4,4
246,4,3,4,4,4,3,4,2
246,3,2,2,2,2,1,3,2
246,3,3,3,3,4,2,3,1
246,4,3,3,5,5,4,5,2
246,2,3,3,4,3,3,2,2
247,1,2,1,2,2,1,2,3
247,1,2,1,1,1,1,2,1
247,1,2,1,1,1,1,2,1
247,2,2,2,4,2,1,2,1
247,2,2,2,2,1,2,1,1
247,1,1,2,2,2,1,2,1
247,2,2,2,2,2,1,2,1
247,2,1,2,3,2,2,2,2
247,2,1,1,2,1,1,3,2
247,1,2,2,1,1,1,1,1
248,1,3,3,2,3,2,3,2
248,1,1,3,2,1,1,2,1
248,1,2,3,1,3,2,3,2
248,2,3,3,4,4,3,4,1
248,1,1,2,2,3,1,2,2
248,1,3,2,4,3,2,4,4
248,1,2,4,2,1,1,1,1
248,1,2,1,1,2,1,1,1
248,2,1,2,1,1,1,2,2
248,1,1,2,1,2,1,1,2
249,2,2,4,3,3,1,4,1
249,1,2,3,4,4,1,3,1
249,2,2,3,4,2,2,2,1
249,1,1,2,2,2,1,3,1
249,1,1,5,3,3,1,2,2
249,2,1,4,2,2,1,2,1
249,1,3,2,1,1,1,2,1
249,1,3,2,3,2,1,3,1
249,1,1,2,3,2,1,1,2
249,1,1,4,4,2,1,2,1
250,2,1,2,2,3,1,1,1
250,2,4,3,5,4,3,4,2
250,2,3,4,3,5,3,3,2
250,2,4,4,3,4,1,5,4
250,1,1,1,2,1,1,2,1
250,1,1,1,1,1,1,3,1
250,1,1,1,1,2,1,1,1
250,3,3,2,4,3,2,5,2
250,1,1,2,1,1,1,2,1
250,1,1,2,1,1,1,2,1
