ID,x1,x2,x3,x4,x5,x6,x7,x8
1,2,3,4,4,3,2,3,3
2,2,4,1,2,1,1,3,4
3,1,2,3,3,3,1,2,1
4,1,2,3,2,2,1,1,2
5,1,2,2,2,2,1,2,1
6,1,1,1,1,1,1,1,1
7,1,1,2,2,2,1,2,2
8,1,2,5,2,2,1,1,1
9,1,1,1,1,2,1,1,1
10,1,1,1,2,2,1,1,1
11,3,2,4,4,5,3,2,3
12,1,1,1,1,1,1,3,1
13,4,3,4,4,4,3,5,4
14,2,5,4,4,3,2,3,2
15,2,1,1,4,1,2,2,2
16,4,4,5,4,3,2,5,4
17,1,1,1,1,1,1,1,1
18,1,3,3,3,2,4,3,3
19,2,3,1,3,2,1,4,4
20,2,4,4,4,4,2,3,1
21,2,4,3,3,2,2,3,1
22,1,2,2,3,2,1,2,1
23,1,2,2,1,1,1,2,1
24,1,1,1,1,2,1,1,1
25,1,4,4,4,3,2,5,2
26,1,1,1,1,2,1,1,1
27,1,2,1,2,1,1,1,1
28,1,1,1,1,1,1,1,1
29,4,3,5,5,5,2,3,4
30,3,2,3,3,3,2,3,1
31,4,3,2,3,3,4,3,2
32,1,2,2,1,2,2,3,1
33,1,2,1,3,2,2,2,1
34,1,3,4,3,5,1,3,3
35,3,2,3,5,4,1,4,5
36,3,3,3,2,2,2,3,3
37,2,1,1,1,2,1,1,1
38,2,1,3,1,1,1,1,2
39,2,2,1,2,1,1,1,2
40,1,1,1,2,1,1,1,1
41,3,2,1,2,2,4,3,2
42,1,2,5,2,4,1,1,2
43,1,1,4,4,5,3,4,4
44,2,3,4,3,2,1,3,4
45,4,5,2,5,4,1,3,2
46,3,4,2,2,2,3,4,3
47,1,3,1,1,1,2,1,3
48,1,1,1,2,2,1,2,2
49,2,2,3,1,1,1,1,1
50,2,3,3,4,2,1,3,4
51,1,1,1,1,1,1,1,1
52,1,3,5,2,1,1,2,1
53,1,2,1,2,1,1,1,1
54,3,4,3,4,4,3,5,4
55,3,3,3,4,4,4,3,3
56,1,2,5,2,2,2,3,4
57,1,2,1,1,1,1,1,1
58,1,2,3,2,1,1,2,2
59,1,2,1,3,3,1,2,1
60,1,1,3,1,2,1,1,1
61,1,2,4,4,4,1,3,2
62,2,2,2,1,2,1,1,1
63,2,3,4,3,3,2,2,3
64,2,3,3,2,2,2,2,2
65,2,1,3,2,1,1,2,3
66,1,1,5,1,2,1,2,1
67,1,3,2,1,3,1,2,1
68,1,2,1,3,1,3,3,1
69,2,3,3,2,3,2,3,1
70,1,1,1,1,1,1,1,1
71,2,5,2,3,3,2,3,5
72,1,3,3,3,4,3,3,3
73,1,1,1,2,1,1,1,1
74,4,5,3,5,4,1,4,2
75,3,3,2,3,2,2,2,2
76,5,2,2,3,2,3,2,2
77,1,2,3,1,2,1,1,1
78,3,4,3,4,4,4,2,3
79,3,5,3,5,3,3,4,5
80,4,1,4,3,3,1,2,3
81,2,3,3,4,3,1,3,2
82,1,1,2,3,2,1,3,2
83,1,1,1,1,1,1,1,1
84,3,2,3,4,4,2,3,2
85,1,1,2,1,1,1,1,1
86,2,2,2,5,2,1,4,4
87,2,1,1,1,1,1,1,1
88,1,1,1,1,1,1,2,2
89,1,3,1,2,2,1,1,1
90,3,5,3,4,4,2,5,3
91,1,2,3,2,2,1,2,2
92,2,4,2,4,4,1,3,2
93,1,2,1,2,1,1,1,2
94,2,3,4,3,3,1,5,3
95,3,4,2,3,3,1,3,4
96,4,1,2,2,1,1,1,1
97,1,4,4,4,3,1,4,1
98,3,3,3,2,4,2,2,2
99,2,1,1,2,1,1,1,1
100,1,2,1,1,1,1,1,2
101,2,4,4,4,4,2,3,4
102,1,2,3,2,2,1,1,2
103,2,2,3,2,3,2,5,3
104,4,2,1,3,1,2,1,1
105,2,2,1,1,2,1,3,2
106,1,3,3,3,4,1,4,1
107,2,1,1,2,2,1,1,1
108,1,2,2,2,2,1,1,1
109,1,1,3,1,2,1,2,3
110,5,4,4,5,4,3,3,1
111,2,3,2,2,1,1,3,3
112,4,4,2,5,3,2,4,4
113,3,5,2,3,3,2,5,2
114,1,1,2,3,1,1,1,2
115,2,1,1,2,2,2,2,1
116,2,1,3,2,2,2,2,1
117,3,3,5,4,4,2,5,5
118,3,1,2,1,2,2,2,3
119,1,4,1,2,2,2,3,3
120,4,2,3,2,4,5,3,4
121,2,2,3,4,3,1,3,5
122,3,4,1,5,4,2,5,2
123,1,3,2,2,2,1,1,1
124,4,4,1,4,4,3,5,3
125,3,3,3,4,3,3,4,2
126,4,2,5,4,5,2,4,4
127,2,1,3,1,1,1,1,1
128,1,3,3,2,3,2,3,2
129,4,2,3,3,3,3,4,2
130,2,2,1,2,3,1,1,1
131,1,3,3,2,2,1,3,1
132,1,1,1,2,1,1,1,1
133,4,2,1,2,2,1,3,3
134,1,1,1,2,1,1,1,2
135,3,4,2,4,4,2,3,1
136,3,2,4,3,3,3,4,3
137,2,1,4,3,2,1,5,4
138,3,3,3,3,4,1,3,3
139,1,3,1,1,2,1,2,2
140,1,2,1,2,2,1,2,3
141,2,1,2,1,1,1,1,1
142,1,3,1,1,1,1,2,1
143,2,2,2,3,3,2,3,2
144,2,1,2,2,2,1,2,2
145,2,1,1,1,2,1,1,1
146,1,3,4,4,3,5,3,4
147,2,3,4,2,1,1,2,2
148,4,2,4,2,3,2,2,1
149,4,3,4,3,3,1,3,1
150,1,3,2,1,1,2,2,1
151,1,1,1,1,1,1,1,1
152,1,1,3,1,1,1,2,2
153,1,2,2,3,3,2,2,2
154,4,2,3,3,3,4,3,1
155,3,5,4,5,5,4,4,3
156,3,1,1,1,2,1,1,1
157,1,1,2,1,2,1,1,1
158,1,3,3,2,1,1,1,2
159,1,1,4,1,2,1,1,1
160,2,2,2,4,3,3,3,1
161,2,2,1,1,1,2,3,1
162,4,3,2,3,2,1,4,5
163,2,2,3,1,1,1,1,2
164,2,3,1,2,4,2,3,2
165,2,2,4,3,3,4,4,4
166,1,2,1,3,1,1,2,1
167,2,5,3,4,3,2,4,3
168,2,1,2,2,3,1,1,1
169,2,1,2,1,1,1,1,1
170,3,2,4,3,4,2,2,2
171,1,1,2,3,2,1,3,1
172,1,1,2,1,1,1,1,1
173,4,3,3,5,4,4,4,4
174,3,1,2,1,1,2,3,3
175,1,1,1,1,1,1,1,1
176,1,1,1,1,2,1,2,1
177,2,3,4,4,3,2,4,1
178,1,2,2,3,3,2,3,2
179,1,1,4,1,2,1,1,1
180,1,2,1,2,1,1,1,2
181,1,2,2,2,2,1,2,2
182,1,1,2,2,1,1,2,2
183,2,2,5,4,2,2,2,1
184,1,2,2,2,2,1,3,2
185,2,3,1,1,2,2,3,2
186,1,2,4,3,2,1,4,2
187,2,4,2,4,3,2,3,5
188,3,1,1,2,1,3,1,2
189,1,2,1,1,1,1,1,2
190,3,1,3,3,4,2,4,4
191,2,4,5,4,3,1,4,3
192,2,3,5,4,3,1,2,3
193,1,1,2,2,2,1,2,1
194,1,2,2,2,2,1,2,2
195,1,1,2,1,1,1,1,1
196,1,1,1,1,2,1,1,1
197,1,1,1,1,1,1,2,2
198,3,3,3,3,3,1,3,3
199,3,1,1,1,1,1,1,1
200,1,3,2,2,2,1,3,1
201,3,2,3,5,5,1,4,2
202,1,2,1,2,1,1,1,1
203,2,2,4,3,3,1,4,1
204,4,4,3,3,2,2,3,4
205,2,1,1,2,2,1,2,2
206,1,2,2,2,3,1,3,3
207,2,3,2,2,1,1,3,2
208,4,3,3,5,4,3,3,3
209,2,1,1,1,1,2,1,5
210,4,2,3,2,1,1,2,4
211,2,2,3,4,2,1,2,2
212,1,3,3,3,4,2,3,4
213,1,3,3,3,1,1,1,1
214,3,2,4,3,4,2,4,1
215,2,2,2,4,1,2,2,2
216,2,4,2,3,1,2,3,1
217,1,1,2,1,1,1,1,1
218,3,3,1,3,3,3,3,1
219,1,2,3,3,3,1,2,2
220,1,3,3,4,3,1,1,1
221,3,4,2,4,4,4,4,4
222,1,1,1,3,2,1,3,1
223,1,1,2,1,1,1,1,2
224,3,3,4,4,3,1,3,3
225,2,5,2,4,3,3,4,5
226,1,3,3,4,3,1,3,3
227,3,4,4,4,3,1,4,5
228,1,1,3,1,2,1,1,1
229,1,1,1,1,1,1,2,1
230,3,3,2,3,4,2,2,1
231,2,2,2,4,4,4,4,1
232,3,3,5,4,5,3,4,4
233,1,2,2,2,1,2,2,1
234,1,2,2,3,2,1,1,1
235,4,5,4,2,4,5,5,5
236,2,1,2,1,1,1,1,2
237,5,2,3,2,4,2,2,2
238,3,1,4,1,1,1,1,2
239,2,2,3,1,1,1,1,1
240,2,2,2,2,2,1,2,1
241,1,1,2,2,2,1,1,1
242,4,3,2,4,3,3,4,3
243,1,1,2,2,2,1,2,1
244,3,3,3,4,5,2,4,2
245,3,4,1,3,3,4,5,5
246,1,2,3,4,4,1,3,4
247,3,3,2,4,5,1,5,3
248,4,5,3,3,3,1,5,5
249,4,4,1,5,4,3,4,3
250,3,2,4,3,2,3,3,1
1,3,4,4,4,4,2,3,2
2,2,3,4,2,1,1,2,3
3,2,1,2,2,2,1,1,1
4,1,1,4,2,2,2,1,1
5,1,3,3,2,2,1,3,1
6,1,1,2,2,1,1,1,1
7,1,2,4,2,1,1,1,1
8,1,1,3,1,2,1,1,1
9,2,2,3,2,2,1,1,1
10,2,1,2,1,1,1,1,1
11,4,1,3,4,4,3,4,3
12,1,1,2,2,1,1,1,2
13,2,3,4,3,4,3,4,4
14,2,3,3,5,4,1,3,2
15,2,4,2,4,3,3,4,2
16,3,2,2,3,2,1,2,2
17,2,1,1,1,3,1,1,1
18,4,4,2,3,3,2,3,3
19,3,2,3,4,3,1,3,2
20,4,3,4,3,3,3,2,3
21,2,2,2,2,1,1,3,2
22,1,3,4,2,3,1,5,1
23,2,3,1,2,2,1,2,2
24,2,2,3,2,2,1,2,1
25,2,4,2,2,1,2,1,1
26,1,3,3,2,2,1,2,2
27,1,2,1,2,2,1,2,1
28,1,2,1,2,1,1,2,1
29,4,2,4,5,5,4,4,4
30,1,4,3,4,4,3,4,2
31,1,1,2,2,2,2,2,1
32,3,2,1,2,2,2,1,2
33,1,4,2,4,3,1,4,1
34,2,2,2,1,2,1,2,1
35,4,3,4,4,3,2,4,1
36,1,2,4,2,1,1,2,1
37,1,1,2,1,3,3,1,1
38,4,4,4,5,4,2,3,3
39,4,2,2,2,3,1,1,3
40,1,3,1,2,1,1,2,1
41,3,3,3,4,3,4,4,3
42,2,2,2,1,3,2,1,1
43,1,1,2,2,2,1,1,1
44,1,3,2,3,3,1,2,1
45,1,3,2,3,2,1,3,1
46,2,4,3,4,2,2,4,3
47,1,1,3,1,1,1,1,2
48,1,1,1,2,2,1,1,1
49,2,2,3,4,3,1,2,1
50,3,2,4,3,2,1,2,1
51,1,2,1,1,1,1,1,1
52,1,1,2,1,1,1,1,1
53,1,2,2,2,2,1,1,1
54,1,4,4,4,3,2,3,1
55,3,4,1,3,2,4,4,3
56,2,3,2,2,2,1,2,1
57,2,2,1,2,2,1,3,1
58,1,2,1,4,2,1,4,2
59,1,2,2,2,2,1,1,1
60,1,2,1,1,2,1,2,1
61,1,1,3,1,2,1,1,2
62,4,3,1,1,4,2,1,2
63,4,4,3,4,4,4,4,2
64,2,2,2,2,1,1,2,1
65,2,2,4,3,4,2,3,4
66,1,2,2,2,2,1,2,2
67,2,4,4,3,5,2,2,4
68,2,3,2,4,2,2,4,2
69,1,2,2,3,2,1,3,2
70,1,2,4,3,4,2,2,2
71,3,3,2,3,4,2,4,4
72,1,1,2,1,1,1,1,2
73,3,3,4,3,3,2,2,4
74,4,3,4,5,3,4,3,3
75,2,3,1,2,2,1,2,2
76,3,5,4,4,3,2,5,4
77,2,2,3,2,2,2,1,2
78,3,3,3,3,3,1,3,1
79,4,3,4,4,3,5,5,4
80,3,4,3,4,3,4,3,4
81,4,3,2,3,2,2,2,3
82,2,4,4,5,2,1,4,4
83,1,4,3,2,2,1,2,2
84,2,2,2,1,1,1,1,1
85,1,3,1,2,2,1,1,1
86,1,1,1,1,1,1,3,2
87,1,2,2,1,2,1,2,1
88,2,3,2,2,3,2,2,1
89,1,1,1,1,1,1,1,1
90,5,4,2,4,2,4,4,4
91,1,3,3,3,3,1,3,1
92,2,1,4,2,2,1,1,1
93,1,2,1,2,2,1,2,1
94,4,5,4,4,5,2,5,5
95,2,2,1,1,1,1,1,2
96,1,1,1,1,1,1,1,1
97,1,1,2,4,5,2,3,2
98,2,2,1,2,1,1,2,1
99,3,3,4,5,4,4,3,2
100,1,2,2,2,2,1,3,5
101,3,4,4,4,3,2,5,3
102,1,3,2,1,1,1,2,1
103,1,1,3,2,2,1,3,3
104,1,2,2,1,1,2,1,2
105,3,3,3,3,2,1,3,3
106,3,2,2,2,3,1,1,1
107,3,2,4,4,5,1,3,1
108,1,1,3,2,2,1,1,1
109,3,2,5,3,3,2,4,3
110,4,4,2,4,4,3,5,4
111,2,1,2,2,3,1,2,3
112,3,4,2,4,3,2,4,3
113,4,4,2,3,3,5,4,4
114,1,2,1,2,1,1,1,1
115,5,4,2,4,3,3,3,1
116,1,1,3,2,3,2,1,1
117,1,1,2,2,2,1,3,3
118,5,5,2,4,4,4,4,5
119,2,3,1,2,2,1,3,2
120,3,1,2,3,3,2,2,3
121,3,1,3,2,3,1,1,1
122,3,3,2,3,3,2,3,2
123,1,2,3,2,2,1,2,1
124,5,4,4,4,4,2,5,3
125,3,3,4,4,3,2,4,2
126,4,4,3,4,4,5,4,5
127,1,1,2,1,1,1,2,3
128,1,1,3,2,1,1,2,1
129,3,2,3,3,4,2,4,2
130,1,2,2,1,2,1,2,2
131,2,2,2,2,2,1,2,1
132,1,3,2,2,2,1,2,2
133,3,2,3,2,1,2,2,3
134,1,4,2,2,3,2,4,1
135,4,5,3,4,3,2,4,1
136,1,1,4,2,1,1,1,1
137,1,3,3,3,4,2,4,3
138,5,5,4,5,4,2,5,4
139,3,2,3,2,1,1,1,1
140,1,2,1,1,1,1,2,1
141,3,1,1,1,1,1,1,1
142,1,2,2,2,1,1,2,1
143,1,1,2,3,3,1,2,1
144,2,4,3,3,2,1,2,1
145,1,1,2,2,2,2,2,1
146,2,3,3,2,3,4,3,4
147,1,3,2,4,4,2,4,1
148,3,4,4,4,3,1,3,3
149,1,1,3,2,2,1,1,1
150,1,2,2,1,1,1,1,1
151,1,1,1,1,1,1,1,1
152,3,4,2,3,3,2,4,5
153,2,4,1,1,1,1,4,3
154,3,3,1,3,3,2,3,2
155,2,2,4,3,4,1,2,3
156,2,3,3,3,5,3,4,3
157,1,1,2,2,3,1,1,1
158,1,2,3,2,2,1,3,2
159,1,1,1,1,2,1,1,1
160,1,2,3,1,4,2,1,2
161,2,1,1,2,1,1,1,1
162,1,1,4,1,1,1,1,2
163,1,3,3,1,3,1,2,1
164,2,2,1,3,1,1,2,2
165,2,4,3,4,3,3,5,5
166,2,2,1,1,1,1,2,1
167,2,5,3,4,3,2,4,1
168,2,4,3,5,4,3,4,2
169,2,2,2,1,1,1,2,2
170,1,2,2,1,3,2,1,1
171,1,1,1,2,2,1,2,3
172,1,1,5,2,4,2,4,2
173,1,2,3,3,3,2,3,4
174,1,1,2,1,1,1,1,1
175,1,2,4,2,4,1,2,1
176,1,1,1,1,1,2,1,1
177,1,2,4,3,2,1,3,2
178,1,3,1,1,2,1,1,3
179,1,2,3,2,3,1,2,1
180,1,1,1,1,1,1,1,1
181,1,1,2,2,1,1,2,2
182,2,4,1,4,3,1,3,1
183,2,3,1,3,3,2,3,2
184,2,3,4,3,4,1,4,3
185,2,3,1,2,3,2,2,2
186,1,1,3,1,1,1,1,1
187,1,4,1,1,1,1,4,1
188,4,3,2,4,4,4,4,1
189,1,3,2,1,2,1,1,2
190,2,2,5,3,4,2,4,1
191,2,1,2,2,2,1,2,2
192,4,5,4,3,3,3,4,1
193,1,1,1,1,1,1,1,2
194,3,3,4,4,3,1,4,4
195,1,2,2,1,1,1,2,1
196,3,3,2,2,2,1,2,2
197,2,2,1,1,1,1,1,2
198,1,3,2,2,3,1,4,4
199,2,3,2,3,2,1,3,2
200,1,2,1,1,1,1,2,1
201,3,1,4,3,3,1,2,1
202,1,1,1,3,2,1,1,1
203,1,2,3,4,4,1,3,1
204,2,2,2,2,2,2,3,2
205,1,5,1,4,1,1,3,2
206,1,1,3,1,1,1,1,1
207,1,1,1,1,2,1,1,2
208,5,4,3,3,4,2,5,4
209,4,2,2,3,4,2,2,3
210,4,2,1,2,3,3,2,3
211,4,5,1,2,3,2,5,3
212,2,1,1,1,1,1,1,2
213,5,2,1,2,2,1,2,1
214,2,1,3,1,3,1,2,2
215,1,2,4,1,2,1,2,2
216,1,2,2,1,1,1,1,1
217,2,3,1,3,3,2,2,2
218,3,2,1,3,4,1,2,3
219,1,1,1,2,3,1,2,1
220,2,3,1,3,2,1,3,3
221,4,4,3,5,4,3,5,4
222,1,1,2,2,2,1,1,1
223,1,1,2,1,1,1,2,1
224,3,5,4,4,3,1,4,3
225,1,1,3,2,1,1,2,1
226,3,3,3,3,4,1,3,3
227,4,3,3,3,3,2,3,2
228,1,1,2,2,2,1,1,1
229,1,1,1,2,2,1,2,1
230,2,2,2,3,4,1,2,1
231,2,2,4,2,3,2,4,2
232,4,2,4,4,3,3,4,4
233,1,2,1,1,1,1,1,1
234,1,1,1,1,1,1,1,1
235,2,3,4,4,3,3,3,3
236,1,2,2,2,2,1,1,1
237,3,2,3,2,2,2,1,3
238,1,3,2,2,2,1,3,1
239,2,1,1,2,1,1,1,1
240,1,2,2,2,3,1,4,3
241,1,1,1,2,3,1,3,1
242,1,3,4,3,2,2,3,1
243,3,5,4,4,4,3,4,1
244,3,3,3,3,4,3,4,2
245,3,3,3,3,2,2,3,4
246,3,4,1,4,3,3,5,3
247,1,1,2,2,3,1,4,2
248,3,4,3,4,2,2,3,3
249,5,4,4,5,3,4,3,4
250,3,2,4,3,3,2,2,2
1,2,1,2,2,4,3,2,1
2,1,2,2,1,1,1,2,1
3,1,2,1,1,1,1,1,1
4,2,2,3,2,2,1,3,2
5,2,2,1,3,2,2,2,1
6,1,2,2,3,3,1,3,1
7,1,1,1,1,1,1,1,1
8,3,3,2,3,5,2,4,2
9,1,1,1,1,2,1,2,1
10,2,2,1,2,2,1,2,1
11,3,1,2,3,3,3,2,2
12,2,3,1,2,2,1,2,1
13,3,2,4,4,4,1,3,3
14,2,2,3,3,2,2,3,1
15,1,3,2,4,2,1,3,2
16,5,5,3,4,4,3,5,3
17,1,1,3,1,1,1,1,1
18,4,4,4,4,4,3,5,4
19,3,2,1,3,2,2,2,1
20,1,2,2,1,1,1,1,2
21,2,2,2,1,1,1,2,1
22,2,1,3,3,3,2,2,1
23,1,2,3,3,3,1,1,1
24,1,1,1,2,1,1,2,1
25,1,2,2,3,3,2,3,1
26,1,2,1,1,1,1,2,1
27,1,4,2,2,3,1,3,1
28,1,2,2,1,1,1,1,1
29,4,3,4,3,4,3,4,2
30,1,2,1,1,1,1,2,3
31,2,4,3,4,3,2,4,3
32,2,2,1,1,1,1,1,2
33,2,3,2,3,3,1,3,2
34,2,1,2,1,3,1,2,2
35,4,1,4,4,2,2,2,3
36,1,2,3,4,3,1,3,1
37,1,1,1,1,2,1,1,1
38,4,3,3,4,4,4,4,4
39,4,4,2,2,2,2,4,4
40,1,3,2,4,2,1,4,2
41,3,3,2,2,3,3,3,2
42,2,2,3,3,4,1,3,3
43,2,1,2,1,1,2,2,3
44,2,2,3,3,3,1,2,2
45,4,5,3,4,2,2,4,2
46,1,2,2,3,3,1,2,1
47,2,3,3,4,3,1,3,3
48,1,1,1,2,1,1,2,1
49,4,5,3,4,4,1,5,2
50,2,1,1,3,2,1,4,2
51,1,2,2,1,1,1,1,2
52,1,2,1,1,2,1,3,2
53,1,1,1,2,2,1,2,1
54,3,4,2,3,4,3,4,2
55,5,2,1,2,2,4,4,4
56,1,1,2,1,1,1,2,1
57,2,2,2,1,2,1,3,3
58,1,2,1,1,1,1,2,1
59,3,5,3,5,4,3,5,3
60,2,3,2,2,2,1,2,2
61,2,2,1,2,5,2,3,4
62,1,3,1,3,3,2,4,2
63,1,1,2,1,1,1,1,1
64,1,1,1,1,1,1,1,2
65,4,2,5,4,2,3,4,3
66,2,1,1,1,2,1,1,1
67,1,3,3,2,3,1,3,3
68,1,3,1,3,1,2,4,2
69,1,2,2,3,1,1,2,3
70,1,1,3,2,3,2,1,1
71,2,2,4,2,2,2,2,3
72,2,3,3,3,3,3,3,3
73,4,5,3,4,4,4,5,4
74,2,2,2,4,3,4,3,2
75,2,2,2,2,4,2,2,1
76,4,4,3,4,3,3,4,4
77,2,3,3,2,2,2,2,1
78,1,3,2,2,2,3,2,3
79,2,3,3,4,3,3,4,5
80,3,2,2,3,3,2,2,3
81,4,3,1,3,3,1,4,3
82,3,4,3,5,5,1,4,5
83,1,2,2,2,2,1,2,2
84,1,2,3,4,3,1,5,3
85,3,4,4,3,2,1,3,4
86,1,2,1,2,2,1,3,2
87,1,1,2,1,1,1,2,1
88,1,4,4,4,3,2,5,4
89,2,3,2,3,4,1,4,3
90,4,3,2,4,3,3,4,3
91,1,2,3,4,2,1,2,2
92,4,3,2,4,3,3,4,4
93,3,2,3,4,3,4,3,3
94,1,1,1,2,3,1,4,1
95,1,3,2,3,3,1,3,4
96,2,2,2,1,1,1,1,1
97,1,2,2,2,1,1,1,1
98,2,2,2,1,2,2,3,2
99,1,2,1,1,1,1,2,1
100,1,3,2,3,3,1,3,3
101,3,3,3,4,4,3,4,3
102,1,2,3,2,3,2,3,4
103,2,1,2,2,2,1,4,3
104,3,5,2,3,2,1,3,1
105,2,3,2,2,2,2,3,2
106,3,1,1,2,1,2,5,1
107,1,2,1,1,1,1,3,1
108,1,1,3,2,2,1,2,2
109,3,2,2,1,2,1,3,1
110,2,4,3,5,4,2,3,2
111,1,2,2,3,3,1,2,2
112,2,4,2,3,2,1,5,2
113,5,5,3,4,3,4,4,4
114,1,1,3,2,2,1,1,1
115,4,5,3,5,4,5,5,2
116,1,1,2,1,2,2,2,1
117,3,3,1,3,2,2,4,5
118,1,2,5,5,4,1,4,4
119,4,4,3,4,3,3,3,4
120,4,1,2,2,2,1,2,2
121,1,1,1,1,1,1,1,1
122,3,2,1,2,2,1,3,2
123,1,4,1,4,3,1,4,1
124,3,3,2,2,3,1,3,3
125,3,4,3,3,2,2,2,4
126,4,2,3,3,3,3,4,5
127,1,1,1,1,1,1,1,1
128,1,2,3,1,3,2,3,2
129,3,5,3,5,4,4,5,5
130,3,3,2,2,2,2,2,1
131,2,4,4,3,3,2,3,3
132,1,4,1,3,1,1,2,1
133,3,2,3,3,3,1,3,1
134,2,2,1,1,1,1,4,1
135,2,3,3,4,4,2,2,2
136,4,3,3,4,3,4,3,2
137,2,4,3,3,4,4,4,4
138,3,2,4,4,4,3,4,4
139,2,1,1,1,1,1,1,1
140,1,2,1,1,1,1,2,1
141,1,1,2,1,2,1,1,1
142,1,2,1,1,1,1,2,1
143,3,3,4,2,2,3,3,2
144,2,2,2,3,4,2,3,2
145,3,2,3,1,2,2,2,1
146,3,4,2,4,3,3,4,2
147,2,3,1,4,3,1,4,1
148,3,4,3,5,3,1,4,2
149,2,1,3,1,3,1,1,1
150,1,1,2,1,2,1,1,1
151,2,3,1,2,2,1,2,1
152,2,1,2,2,2,1,3,2
153,2,2,4,3,1,2,3,3
154,4,3,2,3,3,4,3,1
155,1,1,2,2,1,2,2,1
156,3,2,3,3,2,1,2,2
157,1,1,2,1,1,1,1,1
158,1,1,3,1,1,1,1,1
159,2,3,1,3,3,1,5,2
160,2,2,4,4,3,3,4,4
161,1,1,2,1,2,1,1,1
162,1,1,2,3,3,1,1,1
163,1,2,2,2,3,1,3,2
164,2,2,2,2,2,1,3,2
165,2,2,3,3,2,3,2,3
166,1,1,1,2,2,1,1,1
167,1,2,4,3,2,1,2,1
168,2,3,4,3,5,3,3,2
169,1,2,2,2,2,2,2,2
170,1,1,5,1,2,1,2,2
171,1,2,2,2,2,1,2,1
172,1,1,3,1,2,1,1,2
173,2,3,3,3,2,3,4,4
174,2,3,4,2,3,1,1,2
175,2,5,2,4,4,1,4,1
176,2,2,2,2,2,2,2,3
177,1,3,3,3,2,3,3,3
178,1,3,1,3,1,1,1,1
179,3,2,2,3,3,4,2,2
180,1,1,1,1,1,1,1,1
181,3,2,1,2,2,1,3,2
182,2,1,2,2,2,1,3,1
183,2,1,3,1,2,1,2,1
184,2,3,4,2,2,2,2,3
185,2,3,2,2,2,2,1,3
186,1,1,3,1,3,1,3,3
187,2,2,3,3,2,1,3,2
188,2,3,2,3,3,3,2,4
189,2,4,2,2,3,1,3,1
190,2,4,3,4,3,4,5,3
191,1,3,1,1,1,1,2,1
192,3,3,4,3,2,4,3,5
193,1,2,2,2,2,1,1,2
194,1,3,2,4,5,1,4,4
195,1,1,1,1,1,1,1,1
196,1,2,1,1,2,1,3,1
197,1,3,2,2,1,1,1,2
198,3,2,1,1,1,1,2,3
199,1,2,1,3,2,2,1,1
200,2,1,1,3,1,2,2,2
201,1,2,2,3,2,1,2,1
202,1,2,2,1,2,1,1,1
203,2,2,3,4,2,2,2,1
204,2,2,2,2,4,1,3,1
205,1,4,2,2,2,1,3,2
206,2,3,4,4,3,1,4,2
207,1,1,1,1,2,1,1,2
208,2,1,1,2,2,2,2,1
209,5,4,3,4,4,2,4,3
210,4,4,3,3,4,2,2,3
211,4,4,2,2,1,1,1,2
212,1,1,2,1,1,2,1,2
213,2,2,1,2,2,1,1,1
214,2,1,2,1,1,1,1,1
215,3,5,4,5,3,1,4,4
216,2,3,3,4,3,3,3,2
217,1,1,1,2,2,1,2,1
218,1,2,4,2,2,2,3,3
219,1,1,2,2,2,1,2,1
220,2,2,2,3,1,1,2,1
221,2,4,2,3,3,4,3,1
222,1,2,1,2,3,1,1,1
223,1,2,2,3,2,1,1,1
224,4,3,4,4,4,2,5,4
225,4,4,2,4,2,1,2,4
226,1,4,2,4,4,1,2,2
227,2,2,4,3,4,2,2,2
228,1,1,1,2,3,1,1,1
229,4,3,1,2,2,1,1,3
230,4,4,3,4,5,2,4,1
231,1,1,3,1,2,1,1,2
232,2,3,4,3,3,1,2,1
233,3,4,3,3,4,3,4,3
234,1,1,2,1,1,1,1,1
235,2,4,2,3,2,4,2,3
236,2,2,2,1,2,1,2,2
237,2,3,2,4,3,2,3,2
238,2,1,2,2,1,1,1,1
239,2,3,3,3,2,1,3,2
240,2,4,3,4,2,3,5,2
241,2,4,1,3,3,3,4,1
242,3,4,2,4,3,3,3,1
243,1,2,2,2,3,1,3,4
244,1,3,2,3,2,2,3,2
245,2,2,2,4,2,3,3,4
246,1,2,2,2,1,1,2,1
247,2,1,4,2,2,1,2,3
248,2,4,4,1,1,1,4,5
249,2,2,2,3,1,3,2,2
250,2,3,4,2,2,1,2,3
1,2,2,3,3,3,2,3,2
2,1,1,1,3,2,3,2,1
3,1,1,2,1,2,1,1,1
4,2,2,3,2,2,1,3,2
5,2,2,1,2,1,1,1,2
6,1,1,2,2,1,1,2,2
7,1,2,1,1,1,1,1,1
8,1,1,1,1,2,1,1,1
9,1,1,2,2,1,1,1,1
10,1,3,2,3,2,1,2,1
11,2,1,1,1,1,2,1,1
12,2,2,1,2,2,1,2,2
13,2,4,3,5,4,3,4,3
14,2,5,3,4,4,3,5,3
15,1,2,2,3,3,1,4,4
16,2,4,2,4,3,1,5,3
17,2,1,2,1,2,1,1,2
18,4,5,4,5,4,4,4,4
19,4,3,3,4,3,1,4,2
20,3,3,4,4,4,3,5,2
21,3,5,2,3,3,1,4,2
22,1,2,1,3,1,1,2,1
23,2,3,4,4,4,1,3,4
24,2,2,2,4,2,1,2,1
25,1,2,2,3,2,1,1,1
26,1,3,2,4,3,2,3,5
27,2,3,4,4,3,1,4,3
28,1,3,1,1,1,2,1,1
29,2,4,4,3,3,3,3,3
30,2,3,3,4,5,2,3,2
31,2,2,3,2,1,1,1,1
32,1,2,2,1,2,1,1,1
33,1,3,1,2,1,1,2,3
34,1,1,3,1,2,1,1,1
35,3,1,4,2,3,2,2,3
36,2,3,2,4,2,1,3,1
37,1,1,1,1,2,1,1,1
38,3,4,4,5,3,4,4,4
39,3,5,3,2,2,2,3,4
40,1,2,3,2,2,1,1,1
41,2,2,3,2,4,4,3,1
42,4,4,3,4,4,2,4,4
43,2,1,2,1,1,1,1,1
44,1,1,1,1,1,1,1,2
45,1,5,4,4,4,1,4,3
46,1,4,2,2,3,1,4,1
47,2,1,3,3,3,1,2,2
48,1,3,3,2,4,2,2,2
49,3,4,4,4,4,3,3,4
50,1,1,3,3,3,1,3,3
51,2,2,1,2,2,1,1,1
52,1,1,2,1,2,1,1,1
53,1,2,2,3,1,1,2,1
54,3,2,1,2,4,1,2,1
55,2,3,3,4,3,3,4,3
56,1,1,2,2,2,1,1,1
57,1,2,2,3,3,1,3,1
58,1,2,2,1,1,1,1,3
59,2,1,1,1,2,2,2,1
60,2,1,1,1,1,1,1,1
61,2,2,4,2,3,2,1,3
62,4,2,3,3,4,3,3,2
63,1,1,3,3,2,1,2,1
64,1,1,1,1,1,1,1,1
65,1,1,5,2,1,1,3,2
66,2,3,3,3,2,1,1,1
67,1,1,2,1,3,1,1,1
68,1,2,1,1,2,1,1,3
69,1,1,1,1,2,2,2,3
70,2,2,4,2,3,1,2,1
71,4,3,5,4,3,2,3,3
72,1,2,1,3,4,1,2,2
73,3,3,2,3,3,4,3,2
74,3,2,3,3,3,3,3,4
75,1,1,2,2,1,1,2,1
76,4,3,3,4,3,2,3,1
77,2,3,2,4,4,2,3,1
78,1,3,3,3,2,2,3,2
79,4,3,3,5,4,4,5,5
80,2,2,4,3,3,3,3,1
81,4,3,3,3,1,1,2,1
82,2,1,3,3,1,1,3,2
83,2,2,1,1,1,1,1,1
84,1,2,1,2,1,1,1,1
85,2,2,3,3,2,2,3,4
86,1,2,1,3,2,1,2,2
87,2,1,2,1,1,1,1,1
88,2,2,2,2,2,1,3,2
89,2,3,2,2,3,1,3,1
90,2,4,3,4,3,2,5,3
91,2,3,3,3,3,1,2,1
92,3,2,1,2,3,2,3,2
93,3,5,2,4,3,2,4,2
94,1,3,2,2,2,1,3,1
95,2,1,1,2,2,2,2,2
96,4,2,2,2,2,2,2,3
97,2,3,4,4,3,3,3,4
98,3,2,2,1,1,2,2,3
99,1,2,2,1,1,1,1,1
100,2,2,3,2,3,1,2,1
101,1,1,2,1,3,2,2,3
102,1,3,2,3,3,1,2,1
103,4,1,1,2,4,2,3,4
104,3,2,1,3,2,1,1,1
105,1,1,1,1,2,1,2,1
106,3,2,2,1,2,1,2,2
107,1,1,1,2,2,1,2,2
108,1,1,2,1,2,1,1,1
109,2,2,1,2,2,1,3,2
110,4,2,3,4,4,2,2,2
111,1,1,1,1,1,1,2,1
112,2,3,1,3,1,1,4,2
113,1,2,4,2,2,4,2,2
114,1,3,2,3,3,1,3,1
115,1,2,2,2,2,3,2,2
116,1,1,2,1,1,1,1,1
117,1,3,2,3,4,3,4,4
118,1,1,2,3,2,1,3,2
119,2,3,2,2,1,2,3,3
120,3,1,3,3,3,4,3,3
121,2,3,1,2,1,1,2,2
122,2,3,1,1,1,1,1,3
123,2,3,3,3,3,1,4,2
124,3,3,2,3,4,2,3,5
125,2,2,3,3,3,3,3,4
126,4,2,3,3,4,4,4,4
127,1,1,2,2,3,1,2,1
128,2,3,3,4,4,3,4,1
129,5,5,4,4,5,4,4,3
130,1,1,1,1,1,1,1,1
131,2,1,1,1,1,2,2,2
132,1,1,1,2,1,1,1,1
133,3,3,4,4,5,2,3,3
134,1,2,1,1,1,1,1,1
135,4,5,4,4,4,3,4,2
136,2,3,3,3,3,3,4,1
137,2,4,3,4,3,4,4,4
138,1,1,3,1,1,1,1,1
139,1,1,2,1,2,3,1,2
140,2,2,2,4,2,1,2,1
141,2,1,1,1,1,1,1,1
142,2,3,2,2,2,1,1,2
143,4,5,4,5,4,2,4,5
144,2,1,4,1,3,1,1,3
145,2,1,3,2,2,1,1,1
146,3,4,4,4,4,4,5,4
147,1,1,3,2,2,1,3,1
148,4,2,2,2,3,1,2,1
149,1,1,1,1,1,1,1,1
150,1,1,2,1,1,1,1,1
151,1,3,1,2,1,1,2,1
152,1,2,1,3,3,1,3,3
153,2,3,2,3,2,2,4,2
154,1,2,3,3,3,2,3,1
155,1,2,1,1,2,1,1,1
156,4,2,2,2,3,2,5,2
157,1,2,1,3,3,1,1,1
158,1,2,2,3,4,2,3,2
159,1,1,2,1,1,1,1,1
160,1,2,3,4,5,1,3,1
161,1,2,2,1,2,1,2,1
162,2,3,2,3,3,1,3,1
163,2,2,3,2,3,1,2,2
164,1,1,2,1,1,1,2,1
165,1,1,3,3,3,2,3,2
166,1,3,1,4,3,1,3,1
167,3,3,3,4,3,4,5,4
168,2,4,4,3,4,1,5,4
169,2,1,1,1,2,1,1,1
170,2,1,2,2,2,3,1,1
171,2,3,2,3,4,1,4,1
172,1,2,2,1,1,1,1,2
173,3,2,2,3,3,2,4,3
174,3,4,4,3,4,2,3,2
175,1,4,3,4,3,1,3,1
176,3,3,1,2,1,2,2,1
177,1,4,1,4,3,1,3,2
178,1,2,3,1,2,2,2,1
179,3,4,5,4,4,3,5,4
180,1,2,1,1,1,1,2,3
181,2,2,1,2,1,1,2,2
182,1,3,3,4,5,1,4,1
183,2,3,3,2,4,1,2,1
184,1,3,2,3,2,1,4,3
185,2,4,3,4,4,4,5,3
186,2,3,3,3,3,1,3,1
187,1,1,2,2,3,1,2,1
188,2,2,3,3,3,3,4,2
189,2,1,3,2,3,2,2,1
190,3,4,4,3,4,2,2,3
191,1,1,2,2,2,1,3,1
192,3,4,4,3,4,2,3,1
193,1,5,2,4,4,3,4,4
194,2,3,2,4,4,1,3,2
195,1,2,1,2,1,1,1,1
196,2,4,3,5,4,3,3,1
197,1,1,1,2,2,1,1,2
198,3,5,3,5,3,2,4,3
199,1,1,3,2,2,2,3,4
200,1,1,2,1,1,1,1,1
201,2,1,2,1,1,1,2,2
202,1,1,2,2,2,2,1,1
203,1,1,2,2,2,1,3,1
204,3,3,3,4,4,3,3,3
205,1,3,3,3,2,1,2,1
206,3,3,5,3,2,1,2,1
207,3,3,2,2,2,1,3,3
208,1,1,2,1,1,1,1,1
209,4,2,2,1,2,1,2,3
210,4,2,1,2,2,1,2,3
211,4,5,3,5,4,2,4,4
212,2,1,1,1,1,2,1,1
213,2,3,3,2,2,2,3,2
214,4,3,3,4,4,2,4,2
215,1,3,4,3,1,1,2,4
216,4,3,2,4,3,2,4,2
217,1,1,1,1,1,1,1,1
218,2,4,4,4,4,3,5,4
219,1,1,2,2,3,1,1,2
220,4,5,2,4,4,4,5,2
221,3,4,3,4,3,4,3,3
222,1,2,2,1,2,1,2,1
223,1,2,2,2,2,1,2,1
224,1,1,3,1,2,1,2,3
225,2,3,3,3,2,1,3,2
226,1,2,2,2,2,1,3,2
227,2,3,3,3,4,3,3,3
228,1,1,1,3,2,2,2,1
229,2,3,1,3,2,1,3,1
230,2,1,2,2,1,1,1,1
231,2,2,4,4,3,4,4,3
232,4,4,4,4,4,5,4,1
233,2,1,1,1,1,1,1,1
234,1,1,1,1,2,1,1,1
235,3,3,3,4,5,2,2,3
236,2,1,3,1,1,1,1,1
237,1,1,2,1,1,1,1,1
238,1,1,1,1,1,1,1,1
239,2,3,1,2,1,1,3,1
240,1,3,2,2,3,1,3,2
241,1,1,2,3,2,2,3,1
242,2,2,2,1,1,1,1,1
243,2,4,3,3,4,1,4,4
244,2,4,1,3,3,2,4,3
245,3,4,3,4,3,2,3,3
246,1,5,4,4,3,2,4,2
247,3,2,2,4,3,2,3,2
248,2,4,3,2,2,1,5,4
249,4,3,2,3,4,3,3,4
250,3,4,3,3,4,2,3,4
1,4,2,3,1,2,2,2,2
2,2,3,1,2,1,1,3,2
3,1,1,3,1,2,1,1,1
4,2,3,3,4,3,2,3,2
5,1,1,1,1,1,2,2,1
6,1,2,3,2,3,1,1,1
7,1,1,2,1,2,1,1,2
8,1,1,2,2,2,1,2,2
9,3,2,2,2,2,1,2,3
10,1,1,1,1,1,1,2,1
11,3,2,2,3,5,2,3,2
12,3,4,1,4,3,2,4,3
13,3,2,3,3,4,2,3,5
14,4,4,2,4,4,3,5,3
15,1,1,2,1,2,1,2,3
16,3,5,5,3,3,2,3,1
17,2,1,3,2,2,1,3,1
18,4,3,3,4,3,1,4,2
19,2,3,2,4,2,2,4,2
20,2,4,4,5,4,4,4,3
21,1,2,1,2,3,1,2,3
22,1,2,1,1,1,1,1,1
23,2,3,3,3,5,2,4,3
24,2,2,3,3,3,1,2,1
25,1,1,1,2,1,1,2,1
26,1,3,2,2,2,3,3,1
27,2,4,3,4,3,1,3,3
28,2,3,3,2,2,2,4,2
29,3,3,4,3,4,1,2,3
30,2,4,4,3,4,1,3,4
31,1,1,1,1,1,1,1,1
32,3,3,1,3,1,1,1,1
33,1,1,3,2,2,2,1,1
34,1,1,2,2,1,1,1,2
35,4,2,2,4,4,3,2,2
36,1,1,2,2,1,1,1,1
37,3,4,3,3,4,1,4,1
38,3,3,3,3,3,3,5,4
39,4,2,2,1,3,2,2,3
40,1,1,1,1,1,1,1,1
41,3,3,2,1,1,2,3,2
42,1,4,2,2,3,1,3,2
43,1,1,3,2,3,1,1,1
44,1,2,2,2,1,1,2,1
45,2,4,4,4,4,2,4,3
46,3,5,4,5,4,3,5,4
47,2,1,4,2,3,1,1,2
48,1,1,1,1,1,1,1,1
49,5,5,5,5,3,2,5,4
50,2,1,4,2,3,1,1,2
51,1,3,1,2,2,1,2,1
52,1,1,3,1,2,1,1,1
53,1,2,2,2,1,1,3,2
54,4,1,1,1,1,2,2,1
55,1,3,1,2,2,4,2,4
56,1,2,2,1,1,1,1,1
57,1,2,1,2,2,2,3,1
58,2,3,2,2,1,1,3,3
59,2,1,1,2,2,1,1,1
60,2,1,2,1,2,1,2,1
61,3,2,2,2,4,4,2,2
62,2,2,1,1,2,1,1,1
63,1,1,2,1,1,1,2,1
64,3,2,3,2,2,1,1,1
65,2,2,2,1,3,2,2,2
66,2,1,2,1,1,1,1,2
67,2,3,3,3,4,2,3,3
68,1,4,2,3,1,1,3,2
69,1,1,1,2,1,1,1,1
70,4,4,5,5,4,2,3,2
71,2,3,2,3,2,2,2,3
72,2,2,3,2,3,2,2,2
73,3,5,4,5,4,4,4,2
74,2,2,2,2,2,3,2,2
75,1,2,1,2,2,1,2,1
76,3,3,2,4,3,2,3,3
77,4,4,3,4,4,3,4,4
78,1,2,2,3,3,2,3,3
79,3,3,3,5,4,3,5,4
80,4,2,2,2,2,3,3,3
81,3,5,2,5,3,1,5,3
82,1,2,2,3,1,1,1,3
83,1,1,2,1,1,1,1,1
84,1,1,2,2,2,1,1,1
85,2,3,2,4,3,2,2,3
86,1,2,2,2,2,1,2,1
87,1,1,2,1,1,1,1,1
88,1,2,3,2,2,3,2,1
89,2,2,1,3,2,1,2,1
90,2,3,2,2,3,2,3,2
91,1,1,2,1,1,1,1,1
92,2,3,2,2,3,1,1,2
93,1,3,4,3,4,4,4,4
94,1,4,3,4,4,2,4,3
95,1,2,2,1,1,1,1,1
96,2,2,2,2,2,2,3,2
97,3,2,3,2,1,1,1,2
98,3,1,1,1,2,1,1,1
99,1,2,2,2,2,1,4,3
100,1,2,3,1,2,1,2,2
101,2,1,2,2,2,1,2,2
102,1,1,2,1,1,1,1,2
103,2,3,3,4,4,2,4,4
104,3,1,2,1,1,1,1,1
105,2,3,3,3,2,2,2,3
106,2,2,2,2,2,1,2,1
107,1,1,1,2,1,2,1,1
108,1,1,1,1,3,1,1,1
109,3,3,3,2,3,2,3,3
110,4,4,4,4,4,3,5,3
111,1,3,3,2,4,1,3,1
112,1,2,1,3,3,1,2,1
113,4,4,3,3,2,3,2,1
114,2,5,2,2,2,1,3,2
115,1,2,1,3,2,4,2,1
116,2,3,1,2,2,1,1,1
117,3,4,1,5,4,1,5,4
118,2,3,1,3,3,1,2,2
119,2,3,2,2,2,2,1,4
120,3,2,4,3,3,4,2,5
121,1,1,2,1,1,1,1,1
122,2,4,2,3,3,2,5,3
123,1,3,2,2,3,1,3,1
124,2,4,1,3,3,1,2,3
125,4,3,3,3,4,2,3,5
126,3,1,2,2,3,2,2,4
127,1,1,1,2,2,1,2,2
128,1,1,2,2,3,1,2,2
129,3,4,2,4,5,4,4,5
130,1,1,2,1,1,1,1,1
131,4,4,2,4,3,4,4,4
132,2,3,2,2,2,2,2,1
133,4,5,4,4,4,3,4,3
134,1,3,1,1,1,2,2,1
135,4,4,1,3,3,4,5,3
136,1,3,2,4,3,3,4,1
137,5,4,4,4,4,3,5,4
138,2,2,3,3,2,1,1,1
139,2,1,2,1,2,2,1,1
140,2,2,2,2,1,2,1,1
141,2,1,1,1,1,1,1,1
142,1,1,2,2,2,1,1,2
143,4,3,4,3,4,2,3,4
144,1,1,1,2,1,2,2,1
145,3,3,2,2,3,2,2,4
146,4,5,4,4,4,4,3,3
147,1,2,2,1,1,2,3,2
148,2,1,4,1,2,1,2,2
149,1,2,4,3,2,1,2,1
150,3,2,1,3,2,1,2,1
151,2,3,2,3,3,1,3,1
152,1,1,1,1,2,1,1,4
153,2,2,2,2,1,1,1,1
154,2,3,2,2,2,1,3,2
155,1,1,1,2,2,3,2,1
156,2,1,3,2,2,1,3,1
157,1,1,1,2,1,1,1,1
158,1,2,4,2,3,2,1,3
159,1,2,2,2,2,1,2,1
160,1,2,3,3,3,2,5,2
161,1,2,4,2,1,1,1,1
162,2,1,3,1,2,2,2,4
163,1,1,5,1,1,1,1,3
164,1,2,1,2,3,2,3,2
165,2,3,2,3,4,4,3,2
166,1,4,1,3,3,1,3,1
167,2,3,4,3,3,2,2,3
168,1,1,1,2,1,1,2,1
169,1,1,2,1,2,1,2,1
170,1,1,2,1,2,3,2,1
171,2,2,3,2,2,1,2,2
172,1,1,3,1,3,1,1,1
173,2,3,2,5,4,2,5,4
174,1,2,4,1,3,1,1,2
175,2,4,3,4,3,1,4,1
176,1,1,1,1,1,1,1,1
177,2,4,3,3,3,1,4,2
178,2,2,2,3,1,1,3,2
179,3,3,1,4,4,2,3,1
180,1,1,1,1,1,1,1,1
181,3,1,2,2,2,1,2,2
182,2,4,1,2,3,1,3,3
183,2,3,3,4,3,2,3,2
184,2,4,3,4,4,3,4,4
185,3,5,3,5,4,4,5,4
186,1,1,4,2,3,1,3,1
187,1,2,1,2,1,1,3,1
188,4,2,4,3,3,2,2,5
189,1,2,2,2,3,1,2,1
190,1,3,4,3,3,3,4,4
191,2,2,2,4,5,1,4,4
192,2,3,2,3,3,3,4,4
193,1,2,2,2,3,1,3,3
194,1,2,4,2,2,1,3,3
195,1,1,2,1,1,1,1,1
196,4,4,2,2,3,2,2,2
197,1,1,1,1,1,2,1,1
198,4,4,2,4,5,3,3,3
199,1,1,1,1,1,1,2,2
200,1,2,1,3,3,2,4,1
201,1,1,1,1,1,1,1,1
202,1,1,2,1,1,2,2,1
203,1,1,5,3,3,1,2,2
204,1,1,1,1,1,2,3,2
205,1,2,3,1,2,1,1,1
206,2,3,4,2,3,1,3,2
207,1,1,1,1,1,1,2,1
208,2,3,1,2,2,1,3,1
209,3,2,2,2,3,1,2,2
210,4,3,4,4,4,4,3,4
211,2,3,1,3,2,1,3,2
212,1,1,1,1,1,1,2,1
213,2,2,2,1,2,1,1,1
214,3,4,2,4,3,1,5,2
215,1,3,4,4,3,2,3,4
216,1,2,1,2,1,3,3,2
217,1,1,1,1,1,2,1,1
218,2,4,2,5,4,2,5,3
219,1,1,2,2,2,1,1,2
220,4,4,3,4,3,4,2,1
221,3,5,2,4,3,3,4,2
222,1,2,3,3,2,1,1,1
223,1,1,2,2,1,1,2,1
224,3,3,3,4,4,2,4,5
225,1,1,2,1,2,1,1,1
226,3,4,3,5,3,2,4,3
227,4,3,4,2,3,2,2,1
228,1,1,1,2,2,1,2,1
229,2,3,2,2,2,1,2,2
230,4,2,2,3,4,2,5,3
231,2,2,1,2,2,1,1,1
232,2,2,3,4,4,4,4,3
233,2,1,2,1,2,1,1,1
234,1,1,1,2,1,1,1,1
235,3,3,3,4,3,3,2,2
236,2,1,3,1,1,1,1,1
237,2,1,2,1,1,1,1,1
238,1,1,2,2,1,1,2,2
239,1,4,4,4,3,1,3,3
240,3,4,4,3,4,4,2,3
241,1,1,2,2,1,1,3,1
242,1,1,2,2,3,2,2,1
243,4,3,4,5,4,1,3,1
244,1,4,1,2,3,1,3,2
245,3,4,4,4,4,4,4,3
246,4,4,4,5,4,3,4,4
247,3,3,2,3,4,4,3,3
248,2,5,5,2,3,2,4,2
249,4,4,2,5,5,2,5,3
250,1,1,5,2,3,1,2,2
1,2,3,3,5,4,4,4,4
2,3,3,2,2,3,2,3,3
3,1,1,2,1,2,2,1,1
4,2,3,3,3,3,1,3,3
5,2,3,4,3,3,2,3,3
6,1,3,1,3,1,1,2,1
7,1,1,2,1,1,1,1,1
8,1,1,4,2,2,1,1,1
9,1,1,1,1,1,1,1,1
10,1,1,1,2,1,1,1,2
11,2,1,3,1,2,2,1,2
12,2,3,2,2,1,1,2,2
13,3,5,4,3,4,2,4,3
14,3,3,4,4,4,2,3,2
15,3,4,2,5,3,1,4,3
16,3,4,5,4,4,1,4,2
17,1,1,2,2,2,1,1,2
18,4,4,1,5,3,3,4,3
19,2,1,1,1,1,1,1,2
20,4,3,4,3,4,2,4,2
21,1,3,1,2,2,1,2,2
22,1,2,2,2,2,1,3,1
23,3,4,3,2,2,1,4,3
24,2,1,1,2,2,1,2,1
25,2,3,2,3,3,2,3,1
26,2,3,2,3,3,2,4,3
27,1,2,4,1,4,1,2,1
28,2,2,1,2,1,1,1,1
29,4,4,4,3,4,3,2,3
30,3,2,3,2,4,1,2,2
31,1,3,2,3,3,1,4,2
32,2,3,1,1,1,1,2,2
33,1,2,1,1,1,1,1,1
34,2,1,2,1,1,2,1,1
35,4,5,2,5,3,2,5,3
36,1,3,3,4,3,2,4,2
37,4,3,4,4,5,3,4,1
38,3,3,4,4,4,4,4,3
39,3,1,1,1,1,1,1,1
40,1,2,1,2,2,1,1,1
41,3,3,3,3,3,2,3,5
42,2,1,2,1,2,1,1,1
43,1,1,3,1,2,1,1,2
44,2,2,3,3,2,2,3,3
45,3,4,3,3,2,1,4,4
46,1,3,2,2,2,1,4,1
47,1,1,4,3,1,1,1,5
48,1,1,3,2,1,1,1,2
49,3,4,3,3,4,3,4,4
50,2,2,4,5,4,2,3,2
51,1,2,2,2,2,1,2,1
52,1,1,3,2,2,1,2,2
53,1,4,2,2,2,1,3,1
54,2,4,2,2,3,3,4,2
55,3,4,2,3,1,3,2,4
56,1,1,2,1,1,1,1,1
57,1,2,1,1,1,1,1,1
58,2,4,1,1,1,2,2,2
59,1,2,2,1,2,1,2,1
60,1,1,2,1,1,1,1,1
61,1,1,3,1,3,1,2,1
62,2,5,3,3,2,1,4,1
63,2,2,1,1,3,2,2,3
64,1,2,2,2,1,1,2,2
65,2,1,4,1,2,1,1,1
66,3,2,4,2,2,1,2,1
67,1,3,2,3,3,1,2,1
68,3,5,2,5,4,2,4,4
69,1,1,3,2,2,1,2,2
70,4,3,4,3,3,2,4,4
71,3,5,2,4,2,2,3,2
72,1,1,1,1,1,1,2,2
73,3,5,3,5,3,3,4,2
74,3,3,3,3,2,3,4,4
75,1,2,1,2,1,1,2,1
76,2,2,1,1,2,1,1,1
77,3,4,4,4,4,3,3,2
78,1,2,3,2,3,3,2,2
79,3,3,4,4,4,2,5,4
80,3,2,3,4,2,4,2,2
81,3,3,2,2,2,1,2,1
82,2,4,4,4,3,1,3,4
83,1,1,1,1,1,1,1,1
84,1,1,3,1,2,1,2,1
85,1,2,2,1,1,1,1,1
86,1,1,2,2,1,1,1,1
87,1,1,2,1,2,1,2,1
88,2,2,2,2,2,1,2,1
89,2,1,1,2,1,1,1,2
90,3,5,2,3,3,2,3,1
91,1,2,2,1,2,1,2,2
92,2,3,2,3,3,2,4,2
93,2,5,1,3,4,2,4,3
94,1,3,3,2,4,1,4,1
95,2,3,2,1,2,1,2,2
96,1,4,2,3,2,2,3,3
97,1,3,3,2,4,3,2,5
98,3,1,1,1,2,1,1,2
99,2,3,1,2,2,1,3,1
100,1,1,3,1,3,1,1,2
101,2,1,4,1,2,3,1,1
102,1,1,3,1,3,1,1,1
103,2,4,4,4,3,3,4,2
104,2,3,2,3,2,1,2,2
105,2,1,1,1,1,1,1,1
106,3,4,4,3,3,3,4,4
107,1,1,2,2,2,1,2,1
108,1,1,1,1,1,1,1,1
109,2,2,2,2,2,2,2,1
110,5,5,5,5,5,2,5,3
111,1,2,2,2,2,1,2,3
112,3,4,2,3,4,1,4,2
113,4,5,2,3,3,4,4,3
114,1,3,3,2,2,1,3,1
115,1,1,1,1,1,1,1,1
116,1,1,1,2,2,1,2,1
117,3,4,3,4,3,2,5,5
118,2,4,4,5,4,1,4,3
119,2,3,2,2,1,1,3,3
120,2,2,3,3,5,4,3,4
121,2,3,3,2,3,2,1,4
122,3,1,2,3,2,1,2,2
123,1,3,1,2,1,1,2,1
124,4,4,1,3,2,1,4,2
125,3,2,3,2,3,3,2,3
126,3,2,5,4,5,2,4,2
127,1,2,1,2,2,1,2,2
128,1,3,2,4,3,2,4,4
129,4,4,3,4,4,3,4,5
130,1,2,1,2,1,2,1,2
131,2,2,4,3,3,3,3,2
132,1,2,1,2,1,1,1,1
133,3,4,4,5,5,5,5,4
134,1,2,1,1,2,1,2,1
135,5,4,4,5,4,4,5,2
136,3,4,3,5,5,5,5,4
137,2,2,4,2,3,3,3,3
138,2,2,4,2,3,1,3,3
139,1,1,2,1,1,1,1,1
140,1,1,2,2,2,1,2,1
141,2,1,2,1,2,1,1,1
142,1,1,2,1,1,1,1,1
143,4,4,4,3,3,3,4,4
144,1,1,1,1,1,1,1,1
145,2,1,1,2,1,1,2,1
146,3,3,4,2,3,3,2,2
147,3,2,4,3,3,2,4,1
148,1,1,4,2,2,1,1,1
149,1,1,3,2,2,1,1,2
150,1,1,1,1,2,1,1,2
151,2,3,2,3,3,1,3,1
152,2,2,2,2,2,1,1,1
153,2,2,1,1,1,1,2,2
154,4,5,4,3,4,4,4,4
155,1,1,1,1,1,2,1,2
156,2,1,1,1,2,1,1,2
157,1,1,2,1,1,2,2,1
158,1,1,3,2,2,1,2,1
159,1,2,2,2,2,1,1,1
160,1,1,3,2,3,1,2,2
161,1,1,2,3,3,1,2,3
162,1,1,2,2,1,1,1,1
163,3,4,4,4,4,2,2,2
164,2,2,1,2,2,2,3,3
165,2,1,2,1,1,1,1,1
166,1,3,3,4,4,2,4,3
167,3,3,2,3,2,4,3,4
168,1,1,1,1,1,1,3,1
169,2,2,1,1,2,1,1,2
170,1,1,2,1,1,1,1,2
171,1,1,2,1,1,1,1,1
172,1,1,1,1,2,1,1,1
173,4,3,3,5,5,4,5,4
174,1,2,2,2,2,1,1,1
175,1,3,2,2,3,1,2,1
176,1,1,1,1,1,1,1,1
177,1,2,3,3,4,1,3,2
178,2,4,3,5,2,1,5,3
179,2,1,1,1,2,1,1,1
180,2,1,1,2,2,1,1,1
181,2,2,4,2,2,1,1,2
182,3,3,2,3,3,2,4,2
183,3,2,2,2,3,4,2,1
184,1,2,3,1,2,1,1,1
185,4,4,2,5,4,2,5,1
186,1,1,2,1,1,1,1,1
187,3,5,3,4,3,1,5,2
188,4,3,4,4,4,4,3,2
189,1,3,2,3,2,1,2,1
190,2,3,2,3,2,2,4,2
191,3,4,3,3,3,2,3,3
192,4,3,4,4,4,3,4,2
193,2,2,2,2,3,2,2,1
194,1,3,3,4,3,1,4,3
195,2,2,2,1,1,2,2,1
196,2,2,3,3,2,1,3,2
197,1,2,1,1,1,1,1,1
198,3,4,4,4,3,4,5,3
199,1,2,3,2,3,3,2,3
200,1,2,1,1,1,1,1,1
201,2,2,1,2,2,1,2,1
202,2,2,2,1,2,2,2,2
203,2,1,4,2,2,1,2,1
204,1,1,2,1,2,2,1,2
205,1,1,3,1,2,1,1,1
206,3,3,4,4,5,2,2,4
207,2,3,3,3,4,1,3,4
208,3,3,4,4,4,2,4,5
209,3,1,2,2,3,2,4,4
210,4,4,3,4,4,4,4,3
211,3,2,1,3,3,1,3,2
212,1,1,3,1,1,2,1,2
213,2,2,1,1,1,1,1,1
214,1,1,1,1,2,1,1,1
215,1,2,4,3,2,1,1,1
216,1,2,1,2,1,2,2,3
217,1,2,1,1,1,1,1,1
218,3,2,1,3,2,1,3,2
219,1,3,2,2,2,1,1,1
220,2,2,3,3,4,2,2,1
221,3,5,2,5,4,4,3,3
222,2,2,2,2,2,1,2,2
223,1,2,4,3,3,3,3,2
224,3,5,4,4,3,1,4,4
225,1,3,1,3,3,1,4,4
226,1,3,2,3,2,1,3,2
227,4,3,2,2,1,2,3,3
228,1,1,1,1,2,1,2,1
229,2,2,1,3,2,2,3,4
230,2,1,1,1,1,1,2,2
231,4,3,2,2,2,2,3,1
232,5,4,3,3,3,4,5,3
233,1,1,1,1,1,1,3,1
234,1,1,2,1,2,1,2,1
235,2,2,4,2,3,3,1,4
236,2,1,3,1,2,1,1,1
237,4,2,1,2,3,1,2,2
238,1,1,2,1,1,1,1,1
239,1,2,1,2,1,1,1,1
240,2,4,3,4,4,4,5,4
241,1,2,1,2,1,1,2,1
242,1,2,1,3,2,4,1,1
243,3,5,4,3,4,2,2,2
244,1,1,1,1,1,2,1,1
245,3,4,2,3,2,3,4,3
246,2,4,3,3,3,2,5,2
247,2,3,3,3,3,2,4,2
248,3,5,3,3,3,3,4,4
249,3,3,4,3,3,4,5,2
250,2,3,2,2,3,1,2,2
1,3,3,5,4,4,3,4,2
2,1,1,1,1,1,1,1,2
3,2,2,1,1,1,1,1,1
4,1,1,4,2,2,1,2,3
5,2,2,3,2,2,1,2,1
6,1,1,1,1,1,1,1,1
7,1,1,1,2,2,1,1,1
8,1,2,3,3,3,1,2,1
9,1,2,1,2,2,1,1,1
10,1,2,1,1,1,1,1,1
11,2,1,1,2,3,1,1,2
12,3,1,2,2,2,1,3,3
13,3,3,3,3,4,3,4,3
14,3,4,4,4,4,2,5,3
15,2,1,2,3,1,1,2,1
16,3,4,2,3,4,1,3,2
17,1,1,3,4,3,1,5,3
18,3,5,2,4,4,4,5,5
19,1,1,1,1,2,1,2,2
20,4,3,4,4,3,2,5,3
21,1,1,1,1,1,1,1,1
22,3,3,3,5,3,2,3,1
23,3,4,3,4,4,3,4,4
24,1,1,2,1,1,1,1,1
25,3,5,2,3,5,3,4,1
26,1,2,1,3,1,2,2,1
27,2,2,3,4,5,1,5,1
28,1,3,1,3,2,2,3,1
29,3,4,4,3,4,2,4,2
30,1,2,3,2,1,1,1,1
31,2,2,2,1,1,1,1,2
32,2,2,1,1,1,1,2,1
33,2,2,1,3,4,2,3,1
34,1,1,2,1,2,1,1,1
35,4,3,2,4,3,2,4,3
36,2,1,3,2,1,1,2,2
37,1,1,1,1,2,1,1,1
38,4,1,4,4,2,4,1,3
39,4,2,1,1,3,2,2,1
40,1,2,2,2,1,1,1,1
41,3,3,2,3,1,1,2,2
42,1,3,3,3,2,1,2,1
43,1,1,3,1,1,1,1,1
44,1,1,3,1,2,1,1,2
45,4,5,3,4,3,2,4,2
46,2,4,1,4,3,1,4,2
47,1,1,3,1,1,1,1,2
48,1,1,2,1,2,1,1,2
49,1,2,4,2,3,1,2,1
50,2,2,3,5,4,2,4,2
51,1,1,1,1,1,1,2,1
52,1,1,4,1,1,1,2,1
53,1,2,2,1,1,2,2,2
54,1,1,2,2,1,1,2,1
55,3,3,2,3,3,5,4,4
56,1,1,3,1,2,1,2,1
57,1,2,1,2,2,1,2,1
58,1,2,4,1,1,1,2,2
59,2,1,2,2,3,2,2,1
60,1,3,2,2,2,1,4,1
61,1,2,3,1,3,1,1,2
62,3,2,2,3,4,3,2,1
63,1,2,3,3,2,1,2,5
64,1,2,1,2,2,1,1,1
65,4,5,5,5,4,3,4,4
66,1,1,2,1,1,1,1,1
67,1,1,3,2,3,1,2,2
68,1,2,1,3,2,1,3,2
69,1,2,3,2,1,1,1,2
70,2,3,2,2,3,3,3,3
71,2,4,2,4,3,2,4,4
72,1,2,2,2,2,1,3,3
73,3,3,4,3,2,3,4,2
74,4,5,3,5,2,5,4,4
75,1,1,2,1,2,1,2,1
76,4,3,4,5,5,3,3,3
77,2,4,3,3,2,3,3,2
78,2,4,3,3,2,3,4,3
79,3,3,4,2,2,3,3,5
80,4,4,2,5,4,4,5,3
81,5,4,3,3,3,2,3,1
82,2,3,1,3,3,1,2,2
83,1,3,2,2,2,1,2,1
84,1,1,2,1,2,1,1,2
85,2,3,3,3,3,1,2,1
86,1,1,1,1,1,1,1,1
87,1,2,3,2,1,1,1,1
88,2,4,4,4,4,4,3,2
89,1,1,1,1,2,1,1,1
90,3,3,5,3,4,2,4,1
91,1,2,4,3,4,1,3,2
92,3,4,2,4,4,2,3,1
93,2,2,2,2,3,2,3,2
94,2,2,4,2,3,1,4,3
95,2,2,2,1,2,1,2,2
96,2,3,2,3,2,4,4,2
97,2,4,3,3,3,1,4,4
98,2,1,1,1,1,1,1,1
99,2,1,2,2,1,2,1,1
100,2,3,3,2,3,1,4,3
101,2,2,5,3,4,2,3,2
102,1,2,2,2,2,1,2,1
103,1,2,4,4,2,1,3,3
104,3,3,1,2,1,1,1,1
105,1,1,1,2,3,1,1,1
106,1,1,1,3,2,1,2,2
107,1,1,1,1,2,1,1,1
108,1,1,2,3,3,1,2,1
109,3,4,2,3,4,3,3,2
110,4,2,3,2,3,3,1,1
111,1,2,1,3,2,2,2,1
112,3,2,1,3,2,1,3,1
113,2,2,1,2,2,3,2,2
114,1,2,3,4,3,1,3,3
115,2,3,1,1,1,3,1,1
116,1,1,1,2,1,1,1,1
117,1,4,4,4,5,3,5,4
118,2,3,2,4,3,2,3,3
119,2,4,5,4,3,2,4,4
120,4,2,4,3,4,4,3,4
121,1,3,1,1,2,1,2,2
122,2,2,2,3,2,2,3,1
123,1,5,1,4,3,1,4,1
124,3,4,2,3,2,2,4,2
125,2,2,3,2,3,2,4,2
126,3,2,4,3,4,2,3,3
127,1,2,3,3,3,1,2,2
128,1,2,4,2,1,1,1,1
129,5,2,3,3,4,3,4,4
130,1,1,1,1,1,1,2,1
131,3,2,3,4,4,5,4,3
132,1,2,1,1,2,1,1,1
133,4,4,3,4,4,2,4,4
134,1,2,1,2,2,2,2,1
135,4,4,4,4,5,5,5,4
136,3,4,5,4,4,4,5,3
137,3,4,2,4,3,2,4,4
138,1,2,2,3,4,1,3,2
139,3,3,3,1,3,2,2,3
140,2,2,2,2,2,1,2,1
141,3,2,1,2,4,2,3,1
142,1,1,2,1,1,1,2,1
143,5,5,4,5,3,2,4,5
144,1,2,3,2,2,1,1,1
145,2,5,2,3,2,3,4,1
146,3,4,3,2,2,2,2,1
147,1,1,1,1,1,1,2,1
148,1,1,3,2,2,1,3,1
149,1,1,2,2,2,1,2,1
150,1,1,2,1,1,1,1,1
151,1,2,1,3,1,1,2,1
152,1,2,2,1,3,1,3,4
153,1,3,2,1,1,1,2,3
154,1,3,2,2,1,2,2,1
155,1,1,1,2,2,1,1,3
156,1,2,2,2,2,1,3,1
157,1,1,1,1,1,1,1,1
158,1,2,4,2,2,1,2,2
159,2,2,1,1,1,2,1,1
160,1,2,4,3,4,1,3,4
161,1,2,2,2,2,1,2,1
162,1,1,1,1,1,1,1,2
163,1,1,4,2,2,1,1,1
164,1,2,2,2,3,2,4,3
165,3,2,3,2,3,3,2,3
166,1,2,1,1,2,1,2,2
167,2,5,3,4,3,2,5,2
168,1,1,1,1,2,1,1,1
169,1,2,1,2,1,1,1,1
170,3,2,4,2,3,2,2,2
171,1,2,3,2,1,1,2,2
172,2,2,3,4,3,1,2,2
173,3,3,4,5,3,1,3,3
174,2,4,1,3,3,3,2,3
175,1,1,2,2,1,1,2,1
176,1,1,1,1,1,1,1,1
177,1,4,2,4,5,1,4,3
178,1,1,2,1,2,1,1,2
179,2,2,4,2,2,2,3,1
180,3,2,1,1,1,1,2,1
181,2,3,3,2,3,1,3,4
182,3,4,2,4,3,2,4,4
183,4,4,4,5,5,4,5,4
184,2,3,4,3,3,2,4,4
185,4,4,3,5,5,3,5,3
186,1,3,3,3,2,1,1,2
187,3,3,1,1,2,1,2,1
188,4,3,4,3,3,4,4,4
189,3,3,3,3,3,1,3,1
190,2,3,2,4,4,2,4,1
191,1,3,1,2,2,1,2,2
192,3,2,2,2,2,1,3,2
193,1,3,4,3,4,1,4,3
194,1,3,2,4,3,1,3,2
195,1,1,1,1,1,1,1,1
196,2,1,2,1,2,1,2,1
197,1,3,1,1,1,2,2,2
198,3,4,2,3,3,2,3,3
199,1,1,1,1,1,1,1,1
200,1,2,1,1,1,1,1,1
201,4,3,1,3,2,3,2,1
202,2,2,1,1,2,2,2,3
203,1,3,2,1,1,1,2,1
204,1,1,2,1,2,1,1,3
205,1,1,1,2,2,1,3,2
206,3,4,5,4,5,3,5,4
207,1,2,3,3,3,1,2,3
208,1,1,2,2,1,1,2,1
209,3,4,1,4,5,4,4,3
210,2,1,3,2,4,3,3,2
211,4,3,1,3,3,3,3,2
212,1,1,3,1,3,1,2,2
213,1,2,1,1,1,1,1,1
214,1,1,1,2,1,1,1,1
215,2,4,3,4,3,1,4,4
216,1,1,2,1,2,1,1,2
217,1,2,1,1,2,1,1,2
218,1,3,2,4,2,2,4,3
219,1,2,1,1,2,1,3,3
220,2,5,3,5,3,3,3,2
221,2,5,4,4,4,3,3,2
222,1,1,1,3,2,1,2,1
223,1,2,2,1,1,1,2,2
224,4,4,4,4,4,1,3,3
225,2,1,1,1,2,1,1,2
226,1,4,2,3,1,1,4,4
227,3,3,1,3,2,2,2,2
228,1,1,2,1,2,1,1,1
229,1,2,1,2,3,1,3,1
230,2,1,3,4,3,1,4,1
231,2,3,1,3,3,2,4,1
232,4,4,2,5,4,3,5,4
233,4,4,2,4,4,3,5,4
234,1,1,2,2,1,1,1,2
235,3,4,1,4,2,2,2,1
236,2,4,3,1,1,1,2,1
237,4,3,2,2,3,2,2,3
238,1,1,2,1,2,1,1,1
239,1,2,1,1,2,1,3,1
240,2,5,4,3,2,2,4,5
241,2,4,1,3,2,2,3,3
242,2,4,2,4,3,3,5,4
243,2,4,2,4,5,1,5,3
244,3,2,2,3,2,2,3,2
245,3,3,2,3,3,3,3,2
246,2,3,3,3,3,4,4,3
247,2,3,2,3,4,2,3,3
248,4,4,3,3,3,4,4,4
249,2,4,3,4,4,4,4,3
250,3,2,3,3,2,2,2,2
1,2,3,2,2,3,2,1,1
2,2,2,2,1,2,1,1,1
3,2,1,2,2,2,1,1,2
4,3,3,4,3,2,2,3,2
5,1,2,2,1,1,1,2,1
6,1,1,1,3,2,2,2,3
7,2,2,1,2,2,1,1,1
8,1,1,2,2,3,1,1,3
9,1,2,1,1,1,1,1,1
10,1,1,1,1,1,2,2,2
11,4,2,2,4,4,3,3,1
12,1,1,1,1,1,1,1,1
13,2,4,3,4,3,3,4,2
14,4,3,4,3,4,2,3,3
15,1,1,1,1,1,1,2,1
16,3,4,4,4,4,2,5,3
17,3,2,3,3,2,1,2,2
18,4,3,1,3,2,2,3,3
19,4,3,2,3,3,1,3,3
20,2,2,3,3,4,3,3,3
21,1,2,1,1,1,1,1,2
22,1,2,2,2,3,1,3,1
23,2,2,1,3,3,2,2,2
24,1,1,1,1,1,1,1,3
25,3,5,3,5,4,4,4,2
26,1,3,2,3,2,1,3,3
27,1,4,2,4,3,1,4,2
28,1,2,2,2,1,1,2,1
29,4,4,4,3,3,3,2,2
30,2,3,4,2,4,1,3,1
31,1,1,1,3,1,1,2,4
32,1,2,1,2,1,1,3,2
33,2,3,1,3,3,1,3,1
34,3,1,3,1,1,1,1,1
35,4,4,4,4,3,4,4,4
36,2,3,2,2,2,1,2,1
37,2,1,2,1,3,2,1,1
38,3,1,3,3,3,3,3,3
39,3,2,2,1,2,1,1,3
40,1,1,2,2,1,1,2,2
41,4,2,3,1,2,3,1,3
42,2,2,3,3,2,1,3,2
43,1,2,3,2,2,1,2,1
44,1,1,1,2,1,1,1,1
45,2,5,4,4,4,2,4,4
46,1,3,2,3,3,2,3,1
47,2,3,5,4,4,2,4,4
48,2,1,2,1,2,1,1,1
49,2,3,4,2,2,1,3,2
50,1,2,2,2,2,1,2,1
51,1,3,2,1,3,1,3,1
52,2,2,3,3,3,1,1,1
53,1,2,2,1,1,1,1,1
54,3,2,4,2,2,1,3,2
55,2,3,2,3,2,3,3,3
56,1,1,3,2,2,1,1,1
57,1,1,2,1,1,1,2,2
58,2,5,2,2,3,1,3,2
59,3,3,3,4,3,2,2,1
60,2,3,3,3,3,2,5,1
61,4,5,4,3,5,4,3,2
62,5,4,3,3,4,4,5,3
63,1,1,1,1,1,1,2,2
64,2,2,2,2,2,1,1,1
65,1,1,2,2,2,2,1,2
66,2,2,3,2,2,1,1,2
67,2,4,3,3,1,2,3,2
68,1,1,1,1,1,1,1,2
69,1,1,2,1,1,1,1,1
70,2,2,3,3,3,1,2,2
71,2,2,1,2,2,2,2,3
72,2,3,1,3,2,2,4,4
73,4,3,3,4,4,3,4,4
74,4,3,2,3,4,4,2,4
75,1,1,1,1,1,1,1,1
76,4,3,2,4,3,2,4,3
77,3,1,3,1,1,2,1,2
78,1,5,4,5,4,2,4,4
79,3,3,3,3,3,2,4,4
80,2,2,2,1,2,2,2,3
81,3,4,4,3,3,3,2,2
82,2,3,3,4,3,2,3,2
83,1,4,2,3,3,1,3,2
84,1,3,1,4,4,1,5,2
85,1,3,3,3,4,2,4,3
86,2,3,2,3,3,2,4,2
87,1,1,2,2,3,1,2,2
88,3,3,4,3,3,2,5,2
89,2,3,2,5,3,3,2,1
90,4,5,3,4,4,2,4,3
91,1,4,3,3,4,1,4,4
92,3,3,3,2,4,2,3,2
93,1,3,3,3,2,3,4,2
94,1,4,3,4,4,2,4,2
95,3,4,3,3,2,2,4,3
96,2,3,1,3,2,2,3,2
97,1,2,2,2,2,2,3,1
98,4,1,2,1,1,1,1,1
99,2,1,2,2,2,2,2,1
100,1,2,3,2,4,1,2,2
101,1,1,2,1,1,1,1,1
102,3,2,2,3,4,1,3,3
103,2,2,3,3,2,2,3,4
104,3,4,1,2,2,3,3,2
105,1,1,2,1,1,1,1,1
106,2,2,2,1,2,1,2,2
107,1,1,1,2,1,1,1,1
108,2,3,2,2,2,1,1,1
109,3,2,2,2,2,2,3,2
110,3,3,3,5,4,4,4,1
111,2,2,1,1,1,1,2,1
112,2,4,2,5,3,1,4,4
113,4,4,3,5,3,4,5,3
114,1,2,2,3,1,1,2,2
115,1,2,1,2,2,2,1,1
116,1,1,2,1,1,1,1,1
117,1,1,1,2,2,1,2,3
118,1,3,2,2,3,1,2,1
119,3,4,3,4,3,2,3,3
120,5,3,4,4,4,3,4,5
121,1,2,2,1,1,1,1,2
122,5,4,2,5,3,4,5,3
123,1,4,1,2,2,1,4,1
124,2,3,1,1,1,1,3,1
125,3,2,1,4,3,4,3,3
126,2,3,4,3,3,2,2,3
127,1,2,2,1,1,1,1,1
128,1,2,1,1,2,1,1,1
129,3,4,5,5,4,4,3,3
130,2,2,1,1,1,1,3,1
131,2,2,4,2,3,4,4,5
132,1,2,1,1,1,1,1,1
133,3,3,4,4,4,4,3,2
134,2,3,3,3,2,3,3,2
135,5,5,2,3,3,2,4,2
136,2,2,3,4,3,3,4,3
137,4,4,3,4,3,3,5,3
138,3,4,4,4,3,1,4,4
139,4,4,2,2,3,1,2,2
140,2,1,2,3,2,2,2,2
141,2,1,1,1,2,2,1,2
142,1,2,2,1,1,1,3,1
143,4,4,3,4,3,2,4,3
144,2,1,4,2,2,1,1,1
145,2,3,2,5,4,4,4,3
146,3,4,4,3,3,2,3,1
147,2,4,3,4,4,2,4,1
148,1,1,3,1,1,1,1,1
149,1,1,2,2,3,1,2,1
150,1,1,1,1,1,1,1,1
151,1,1,1,2,2,2,2,1
152,2,3,3,1,3,3,4,3
153,2,3,1,3,2,4,4,5
154,1,3,1,3,2,2,3,1
155,1,1,2,2,1,1,2,1
156,1,2,1,2,2,1,2,1
157,1,2,1,2,2,1,3,1
158,1,3,3,4,3,1,3,1
159,1,1,1,1,1,1,2,2
160,2,2,4,3,3,1,3,2
161,1,1,1,1,1,1,1,1
162,3,3,3,2,2,1,2,2
163,3,3,3,3,4,2,3,3
164,3,4,3,4,4,2,3,1
165,4,4,4,3,4,3,4,3
166,2,2,2,2,1,1,1,1
167,1,3,1,2,2,2,3,4
168,3,3,2,4,3,2,5,2
169,1,1,1,1,1,1,1,1
170,2,2,1,2,1,4,1,2
171,1,3,1,3,2,1,3,2
172,1,1,2,1,2,1,1,2
173,4,4,4,4,4,3,3,4
174,1,2,1,2,2,1,2,2
175,2,4,2,3,2,2,3,2
176,1,1,1,2,2,1,1,1
177,1,4,4,4,3,1,4,5
178,1,1,2,2,2,1,2,1
179,2,3,4,2,4,2,2,2
180,1,2,1,1,1,1,2,1
181,3,3,4,3,3,3,3,2
182,2,3,2,3,3,1,4,2
183,1,1,1,1,2,1,1,1
184,1,2,4,1,3,1,1,2
185,1,2,2,2,2,2,2,1
186,1,2,3,1,2,1,1,1
187,2,3,2,3,4,2,3,2
188,2,3,4,4,4,4,4,5
189,2,1,2,1,2,2,1,2
190,3,4,2,4,4,3,4,3
191,2,1,3,2,2,1,2,2
192,3,3,3,3,4,2,3,1
193,1,2,2,3,2,2,4,3
194,2,4,3,3,2,1,3,4
195,1,2,1,1,1,1,2,1
196,3,3,2,5,3,2,3,1
197,2,2,1,2,2,1,2,2
198,4,5,4,4,3,3,5,4
199,1,1,1,1,1,1,1,1
200,1,2,1,3,3,2,2,1
201,3,3,2,3,1,1,1,1
202,4,2,2,1,2,1,1,1
203,1,3,2,3,2,1,3,1
204,3,1,1,2,2,3,2,3
205,1,1,2,1,1,1,2,2
206,4,3,4,4,3,1,3,3
207,2,1,1,2,2,2,1,2
208,2,3,2,2,2,1,2,2
209,4,4,3,3,3,3,3,4
210,3,2,3,2,3,1,1,1
211,2,2,3,2,2,1,2,1
212,2,1,3,1,2,1,1,1
213,2,3,3,3,2,1,4,4
214,1,1,2,1,2,1,1,1
215,2,2,4,3,4,1,3,3
216,3,3,2,2,2,1,1,2
217,1,2,1,2,1,1,2,2
218,2,1,2,1,2,2,1,2
219,2,2,4,3,4,1,2,5
220,1,2,3,2,2,1,3,1
221,1,3,3,3,4,3,4,2
222,2,2,2,3,3,2,3,2
223,1,1,1,1,1,1,2,1
224,3,2,2,3,2,2,5,3
225,1,1,1,2,1,1,1,1
226,3,4,2,4,2,1,4,1
227,2,4,3,3,2,2,3,2
228,1,1,1,1,2,1,1,1
229,2,2,2,2,2,1,3,1
230,1,3,2,3,3,1,3,1
231,3,3,3,4,4,3,4,2
232,3,5,4,4,4,4,5,3
233,2,2,2,3,2,1,3,1
234,1,2,1,1,1,2,1,1
235,3,5,1,4,3,4,3,2
236,2,1,3,2,2,1,1,1
237,3,1,2,2,2,1,1,2
238,1,2,1,2,2,1,2,1
239,1,2,1,2,1,1,2,1
240,3,4,2,3,3,2,5,3
241,2,3,3,3,2,1,3,2
242,2,3,2,4,2,3,4,3
243,1,3,3,2,3,1,2,1
244,1,2,1,1,2,1,3,2
245,5,4,2,2,2,4,3,2
246,4,4,2,4,3,3,3,2
247,2,2,2,2,2,1,2,4
248,4,3,3,5,5,5,5,3
249,3,2,2,3,2,2,4,3
250,1,2,1,1,1,1,1,1
1,2,2,1,2,3,2,1,2
2,1,1,2,1,1,1,1,1
3,1,1,2,1,2,1,1,1
4,3,2,5,4,4,4,3,4
5,2,3,4,2,3,1,2,1
6,1,1,1,2,2,1,1,1
7,2,2,1,2,2,1,3,2
8,3,2,3,3,2,1,2,1
9,1,2,2,3,2,1,2,2
10,2,2,3,2,2,1,2,1
11,2,2,1,3,4,3,2,3
12,1,1,1,1,2,1,3,1
13,3,3,4,5,4,4,4,2
14,3,4,5,5,4,4,5,4
15,1,2,1,3,2,1,2,2
16,2,3,3,2,3,1,4,3
17,1,1,3,1,1,1,1,1
18,2,5,2,3,3,2,4,2
19,3,4,2,4,4,2,4,3
20,3,3,4,2,3,2,4,3
21,1,2,1,1,1,1,1,1
22,1,3,3,3,3,2,2,1
23,2,4,1,2,2,1,3,2
24,4,3,5,4,4,2,4,3
25,3,2,1,3,1,1,3,1
26,1,2,1,1,1,1,2,4
27,2,3,2,4,2,1,5,3
28,1,3,1,1,2,1,1,1
29,4,4,3,3,4,3,4,2
30,2,3,3,4,3,1,3,4
31,3,3,2,3,2,1,2,1
32,1,2,1,1,1,1,2,1
33,3,3,1,2,3,1,2,1
34,1,1,1,1,1,1,1,1
35,4,3,4,3,3,3,4,3
36,1,2,2,3,2,1,2,1
37,2,1,1,2,2,1,2,1
38,1,1,1,3,2,1,1,1
39,4,4,2,2,3,2,5,2
40,1,2,2,2,2,1,1,2
41,3,2,2,1,3,2,1,1
42,4,4,4,4,5,2,5,3
43,1,2,2,2,3,1,2,2
44,1,1,2,2,1,1,1,1
45,3,3,3,4,3,3,4,3
46,2,5,3,4,3,1,4,2
47,3,3,3,3,4,3,3,3
48,1,1,2,1,2,1,1,1
49,1,1,2,1,1,1,1,1
50,3,2,2,2,2,1,2,1
51,1,2,2,2,2,1,1,1
52,1,1,2,1,1,1,1,1
53,2,2,2,2,2,1,1,1
54,2,3,3,2,2,1,2,1
55,1,2,4,3,3,2,2,4
56,1,1,4,1,2,1,2,2
57,1,2,1,2,2,1,2,1
58,1,4,1,3,2,1,2,1
59,1,2,2,2,2,1,3,1
60,2,3,3,3,4,3,5,3
61,2,2,3,3,3,2,2,1
62,3,2,3,1,3,3,2,1
63,2,2,2,2,3,2,1,1
64,2,3,2,4,3,1,2,3
65,2,2,3,2,2,4,2,5
66,1,1,1,2,1,1,2,1
67,2,4,5,4,3,1,2,1
68,1,2,1,3,1,1,2,2
69,1,1,2,1,2,1,1,1
70,1,1,3,2,3,1,3,2
71,1,3,1,2,1,1,2,3
72,1,2,2,2,2,1,5,3
73,3,3,5,3,2,3,4,1
74,3,4,3,4,4,5,4,4
75,1,1,1,1,2,1,2,1
76,4,4,1,4,4,4,4,3
77,1,2,4,2,2,1,1,1
78,2,3,3,4,3,2,4,4
79,2,5,2,4,3,2,4,4
80,5,5,5,5,5,4,5,3
81,2,2,3,2,3,3,5,2
82,3,5,4,5,3,2,4,2
83,1,2,2,2,2,1,1,2
84,1,2,2,2,1,1,2,3
85,1,3,2,3,2,1,3,2
86,1,1,2,2,1,1,2,2
87,1,1,1,1,1,1,1,1
88,3,2,3,2,2,1,3,2
89,2,3,2,2,2,2,2,2
90,4,4,3,5,4,2,5,2
91,1,3,2,3,2,1,2,2
92,2,3,4,3,3,2,3,3
93,4,5,3,4,4,4,4,4
94,1,2,1,2,5,2,5,4
95,2,3,2,3,2,3,3,4
96,2,3,2,4,1,1,2,3
97,4,4,3,3,4,2,4,2
98,3,2,1,2,1,1,2,1
99,1,1,2,2,2,2,1,1
100,3,4,3,4,3,1,3,3
101,1,2,2,1,2,1,2,1
102,3,3,2,2,2,1,2,3
103,2,1,4,3,3,2,3,5
104,2,4,1,2,1,1,2,2
105,1,1,2,1,2,3,2,1
106,3,1,4,3,2,5,4,3
107,2,2,1,4,3,1,3,1
108,1,2,4,4,3,1,2,1
109,4,2,2,4,4,3,3,2
110,3,2,4,3,3,2,3,1
111,1,1,1,1,1,1,2,1
112,3,4,1,4,3,1,4,2
113,4,5,2,4,4,4,5,4
114,1,2,2,1,1,1,1,1
115,1,4,3,4,3,4,5,3
116,1,2,1,2,2,1,2,1
117,2,2,1,3,4,2,3,3
118,3,3,2,3,2,1,4,2
119,2,2,3,4,2,1,4,3
120,2,2,4,2,3,5,2,4
121,1,1,2,1,1,1,1,2
122,5,4,2,4,2,5,4,2
123,1,3,1,1,1,1,3,1
124,2,4,1,2,2,1,2,1
125,5,5,4,5,3,3,3,3
126,3,3,4,3,4,3,4,4
127,1,1,1,1,1,1,2,1
128,2,1,2,1,1,1,2,2
129,5,4,2,3,2,4,3,3
130,1,1,1,2,1,1,2,1
131,2,1,3,2,3,1,2,3
132,1,1,2,2,1,1,1,1
133,3,2,3,5,4,2,4,2
134,3,3,3,3,3,2,4,1
135,3,4,3,4,4,2,4,1
136,1,3,3,4,4,2,4,1
137,1,3,2,2,2,1,2,3
138,3,4,3,4,4,1,5,4
139,1,1,3,2,2,2,1,2
140,2,1,1,2,1,1,3,2
141,2,1,3,1,2,2,1,1
142,1,2,2,1,1,1,1,2
143,4,3,4,5,5,3,3,3
144,1,2,3,3,2,1,1,1
145,2,3,3,2,3,2,2,2
146,4,3,3,4,3,3,4,1
147,3,5,2,4,4,4,2,1
148,1,1,2,2,2,1,2,2
149,1,1,2,1,1,1,1,1
150,1,1,1,1,1,1,1,1
151,2,3,1,2,2,2,4,2
152,1,2,3,2,1,1,1,3
153,3,2,3,3,2,3,2,4
154,3,1,2,2,2,1,2,2
155,1,2,5,3,3,2,2,3
156,3,4,2,3,4,3,2,1
157,1,1,2,1,2,1,1,1
158,1,1,1,1,1,1,1,2
159,2,3,1,3,3,1,3,2
160,2,1,3,3,3,2,3,2
161,1,1,1,1,2,1,1,1
162,3,3,3,3,2,2,4,2
163,1,1,3,1,1,1,1,2
164,3,2,2,3,2,1,2,1
165,2,2,2,2,2,3,3,3
166,3,4,2,3,3,2,4,2
167,3,4,2,3,2,1,3,5
168,1,1,2,1,1,1,2,1
169,1,1,3,1,2,1,1,1
170,1,1,4,1,1,1,1,1
171,2,1,1,1,1,1,2,1
172,1,3,2,2,2,1,2,1
173,3,4,3,2,4,4,4,3
174,2,1,2,1,2,1,1,2
175,1,2,1,2,2,1,1,1
176,2,2,3,2,3,1,2,2
177,1,4,4,4,4,2,4,4
178,3,2,2,2,2,1,2,2
179,1,1,2,1,1,1,2,1
180,3,4,1,2,1,2,3,2
181,2,1,1,2,1,1,2,2
182,1,3,2,3,1,1,2,1
183,2,2,2,2,2,2,2,1
184,1,3,2,2,3,2,3,4
185,2,3,2,3,2,2,2,1
186,3,4,4,2,3,1,4,1
187,2,2,1,2,1,1,2,1
188,1,1,1,1,2,1,1,2
189,2,3,2,1,1,1,1,1
190,2,4,4,5,5,2,5,3
191,1,2,4,3,3,2,2,3
192,4,3,3,5,5,4,5,2
193,1,2,1,1,1,1,1,3
194,1,3,2,3,4,3,4,4
195,1,2,1,1,1,1,2,1
196,2,1,2,2,2,1,1,1
197,1,2,1,1,1,1,1,2
198,2,4,2,3,4,2,5,5
199,1,1,1,1,1,1,1,1
200,2,3,2,3,4,2,3,1
201,1,2,2,3,2,1,3,1
202,1,1,1,1,1,1,1,1
203,1,1,2,3,2,1,1,2
204,3,2,3,1,3,3,4,3
205,1,1,1,1,1,1,1,2
206,1,3,5,3,3,1,2,3
207,1,1,2,3,2,2,2,3
208,4,4,2,4,2,2,3,1
209,5,5,3,4,4,3,3,3
210,3,3,4,3,3,4,2,4
211,2,4,3,5,2,2,3,3
212,1,1,2,1,1,1,1,2
213,1,1,1,1,1,1,1,1
214,1,3,2,2,1,2,2,1
215,2,4,4,4,4,1,4,2
216,1,2,2,2,1,1,1,2
217,1,1,2,2,2,1,1,1
218,1,2,3,2,5,1,1,2
219,1,2,1,2,1,1,2,1
220,1,1,2,1,2,1,1,1
221,4,5,4,3,3,5,4,3
222,3,2,2,4,4,3,3,3
223,1,1,1,2,2,1,1,1
224,3,2,2,4,4,2,5,3
225,1,1,1,2,1,1,1,2
226,3,4,3,4,3,1,4,4
227,1,3,4,3,3,2,5,5
228,1,1,1,1,2,2,2,1
229,1,1,1,1,1,1,1,1
230,4,3,2,4,3,1,2,1
231,1,3,2,3,2,4,3,2
232,3,3,4,4,3,2,5,2
233,4,4,4,4,4,4,4,2
234,2,4,3,2,3,2,3,1
235,4,5,1,4,4,5,3,1
236,1,3,1,1,1,2,1,1
237,4,4,3,4,4,2,3,3
238,1,1,2,1,1,1,1,1
239,2,1,1,2,1,1,2,1
240,1,3,1,1,1,1,4,4
241,2,3,2,3,2,2,1,1
242,3,3,2,3,1,2,3,2
243,2,5,4,3,4,2,5,4
244,1,3,3,2,2,3,2,1
245,2,4,1,4,2,3,4,4
246,2,4,2,4,2,3,4,2
247,2,2,4,4,3,2,3,1
248,3,3,2,3,3,2,5,3
249,3,3,2,3,3,4,4,2
250,2,2,2,2,2,1,1,3
1,2,2,3,3,3,2,3,2
2,2,3,1,2,2,2,3,2
3,1,1,1,2,1,1,2,1
4,4,3,5,4,4,4,5,2
5,1,1,2,1,1,1,1,2
6,1,2,1,2,2,1,2,2
7,1,1,2,1,1,1,1,2
8,1,2,1,2,3,1,3,1
9,3,3,2,1,1,1,2,1
10,1,3,2,2,4,2,4,3
11,1,1,1,1,1,1,1,1
12,2,3,1,3,4,1,3,1
13,3,2,2,3,3,1,4,3
14,2,2,5,2,3,1,2,3
15,3,2,2,3,4,2,2,3
16,1,3,1,2,2,2,3,2
17,1,1,2,2,2,1,1,1
18,3,5,4,3,3,2,5,3
19,2,1,1,1,1,1,1,1
20,2,2,5,3,3,1,3,3
21,1,1,1,3,1,2,2,3
22,1,2,2,3,2,1,2,1
23,2,3,3,2,3,2,2,3
24,1,1,2,1,1,1,1,1
25,1,3,1,4,4,3,3,1
26,1,2,2,1,2,1,1,3
27,1,2,3,1,2,1,3,3
28,2,4,3,3,3,3,3,1
29,3,4,4,3,5,3,4,3
30,1,2,4,3,4,1,2,2
31,3,3,2,4,3,1,4,2
32,1,2,1,1,1,1,1,1
33,3,2,2,3,2,3,4,1
34,2,2,3,2,2,1,2,1
35,2,3,4,3,3,1,3,4
36,2,3,2,2,1,1,3,1
37,1,2,2,3,2,1,1,1
38,3,1,2,1,1,2,2,3
39,2,1,3,1,1,2,1,1
40,1,2,1,2,2,1,1,2
41,1,2,2,1,2,2,1,2
42,2,4,4,3,4,1,4,2
43,1,1,3,2,1,1,1,1
44,1,1,1,1,1,1,2,2
45,3,5,3,4,3,2,5,3
46,2,5,2,5,3,2,4,2
47,3,4,4,3,5,2,2,2
48,1,1,1,1,2,1,1,2
49,1,3,5,3,5,2,3,3
50,3,3,4,3,4,1,4,4
51,1,3,1,1,3,2,4,1
52,1,1,1,1,1,1,1,1
53,1,1,1,2,2,2,1,1
54,3,2,2,1,3,2,2,1
55,3,3,1,3,2,3,3,4
56,2,2,2,1,2,1,2,2
57,1,2,2,1,2,2,2,1
58,2,5,3,4,4,2,4,2
59,2,4,1,3,2,1,2,1
60,2,4,3,4,4,3,5,1
61,4,2,2,3,4,1,2,1
62,3,4,2,2,3,2,3,2
63,1,1,2,1,2,1,1,1
64,3,2,2,2,1,1,1,2
65,1,2,3,2,1,1,1,2
66,1,2,2,4,3,2,3,3
67,2,4,2,4,3,4,4,3
68,1,2,1,2,2,1,2,2
69,2,2,1,3,2,2,2,4
70,1,1,2,1,2,1,1,3
71,1,3,5,3,4,1,2,3
72,1,2,1,2,2,1,1,2
73,4,4,4,3,3,4,4,2
74,4,3,3,3,2,4,4,3
75,1,4,4,3,3,1,3,1
76,4,4,3,5,4,3,4,4
77,2,2,4,1,1,2,1,2
78,3,4,4,4,4,4,3,3
79,1,3,3,3,2,2,3,4
80,3,4,3,4,4,5,4,3
81,4,2,1,2,2,1,2,1
82,2,3,2,5,4,2,5,3
83,1,2,2,1,2,1,2,1
84,1,2,3,3,3,1,1,2
85,1,1,1,2,1,1,2,1
86,2,2,1,2,3,1,2,1
87,1,1,3,1,2,1,1,1
88,2,4,2,4,4,3,5,2
89,2,4,3,4,4,1,4,2
90,3,4,2,3,2,2,4,1
91,1,4,2,3,2,1,3,3
92,2,4,3,3,4,1,4,3
93,3,3,2,3,3,4,3,3
94,2,2,2,3,4,2,4,4
95,4,5,4,3,3,2,4,4
96,2,3,2,2,2,2,3,4
97,1,1,1,1,1,1,1,2
98,4,3,1,3,3,2,4,2
99,2,2,2,3,1,2,1,1
100,2,3,2,2,2,1,2,1
101,2,1,2,2,3,1,1,1
102,3,2,3,2,4,2,2,1
103,1,2,2,2,1,2,1,4
104,1,2,1,2,1,1,1,1
105,1,2,3,1,1,1,2,2
106,1,1,2,1,2,1,1,2
107,1,1,1,1,2,1,1,1
108,1,2,2,1,2,1,2,1
109,4,4,3,3,3,4,3,4
110,4,4,3,4,4,2,2,1
111,1,1,2,2,1,1,1,1
112,2,4,1,3,2,1,3,1
113,4,3,3,4,3,3,4,4
114,1,2,2,2,2,1,2,1
115,2,4,2,3,4,4,4,2
116,1,2,1,1,1,1,1,1
117,1,1,2,2,1,2,2,3
118,3,4,3,4,3,1,4,3
119,3,3,4,3,3,3,4,4
120,3,3,2,3,2,2,4,4
121,2,3,2,4,2,1,3,3
122,4,3,2,4,2,4,4,3
123,1,3,1,2,2,1,3,1
124,3,3,2,3,3,2,3,3
125,4,5,3,3,4,5,5,4
126,4,3,3,4,3,3,4,4
127,1,2,2,2,2,1,1,1
128,1,1,2,1,2,1,1,2
129,3,2,3,2,3,3,3,3
130,1,1,3,2,2,1,1,1
131,1,1,1,1,1,1,2,2
132,2,2,1,1,1,1,2,1
133,3,4,5,5,4,3,4,2
134,1,2,2,2,1,2,3,1
135,4,5,3,5,5,3,5,4
136,2,3,4,4,3,3,4,2
137,2,3,2,3,2,2,3,1
138,2,3,4,4,4,1,3,2
139,2,1,3,2,2,2,2,3
140,1,2,2,1,1,1,1,1
141,1,1,2,1,2,1,1,1
142,1,5,2,2,2,1,2,1
143,3,2,3,3,3,1,3,3
144,3,5,5,4,4,2,3,3
145,2,1,2,2,2,2,3,2
146,3,4,3,3,4,2,5,3
147,2,5,4,4,4,3,5,1
148,1,1,3,3,2,1,1,2
149,1,1,3,3,3,1,1,1
150,1,2,2,1,2,2,2,1
151,1,4,2,2,3,2,4,2
152,2,2,1,1,1,1,1,2
153,3,4,1,3,2,2,3,4
154,3,3,4,3,5,4,4,3
155,1,1,2,3,3,1,2,2
156,1,1,1,1,1,1,1,2
157,1,1,2,1,1,2,1,1
158,2,2,1,2,3,2,4,2
159,1,2,1,1,2,1,2,1
160,2,3,5,4,5,1,4,4
161,1,3,3,1,3,1,1,1
162,2,1,2,2,3,1,1,2
163,1,1,2,1,2,1,1,1
164,1,1,1,2,2,1,2,2
165,3,3,4,4,3,4,3,3
166,4,5,2,4,4,2,4,1
167,2,2,4,2,2,1,2,3
168,1,1,2,1,1,1,2,1
169,1,1,2,1,1,1,1,1
170,2,3,2,2,3,3,1,1
171,1,1,2,2,1,1,1,1
172,1,1,2,1,2,1,3,2
173,2,5,3,4,5,4,4,5
174,1,3,4,3,2,2,2,3
175,2,5,3,3,1,2,2,1
176,2,2,1,3,3,1,3,2
177,1,3,5,2,4,1,4,3
178,2,2,1,2,2,1,2,1
179,3,3,2,3,3,3,3,1
180,1,1,2,1,1,1,1,1
181,4,2,2,2,2,3,3,2
182,2,3,2,4,4,1,4,2
183,2,1,4,2,2,2,2,1
184,1,2,3,1,5,1,3,3
185,2,4,2,3,3,3,3,3
186,2,5,5,5,3,2,5,3
187,3,4,3,3,3,2,5,2
188,3,3,4,3,4,2,3,4
189,1,3,3,3,2,1,2,1
190,2,4,4,3,3,2,4,2
191,1,1,3,2,2,1,1,2
192,2,3,3,4,3,3,2,2
193,2,1,1,1,2,1,2,2
194,2,5,3,4,5,3,5,4
195,1,1,1,1,2,1,1,2
196,1,2,2,1,2,1,3,1
197,1,1,1,1,1,1,2,1
198,2,3,3,3,4,2,5,4
199,3,5,2,2,3,2,2,2
200,2,3,4,4,4,2,4,2
201,1,1,1,3,1,1,3,2
202,3,2,1,2,2,1,1,1
203,1,1,4,4,2,1,2,1
204,2,2,2,2,2,2,2,1
205,1,1,2,1,1,1,2,2
206,3,2,5,3,3,1,3,3
207,2,1,2,1,3,1,3,2
208,2,2,3,3,2,2,1,1
209,5,2,3,4,3,3,2,2
210,4,4,2,4,3,4,4,3
211,2,3,3,5,2,3,4,3
212,1,1,2,2,3,1,1,2
213,2,1,1,1,1,1,2,1
214,2,2,2,3,3,2,3,2
215,2,4,4,4,3,2,4,4
216,3,3,1,3,2,2,4,3
217,2,3,2,2,2,1,2,1
218,2,2,1,3,1,2,2,2
219,1,1,1,2,2,1,2,1
220,2,2,2,2,3,2,2,1
221,3,3,2,3,2,2,2,3
222,2,3,3,3,4,2,5,3
223,2,3,4,3,4,3,3,4
224,2,4,4,4,4,2,4,5
225,1,2,2,1,2,1,2,2
226,4,4,3,4,4,2,4,3
227,1,1,3,2,1,2,1,1
228,3,3,4,4,3,3,4,3
229,1,1,1,1,1,1,2,1
230,4,2,3,4,2,1,4,1
231,2,3,2,2,2,1,3,1
232,4,4,3,3,4,3,5,4
233,4,3,1,4,3,4,3,2
234,1,1,2,2,1,1,1,1
235,5,4,2,4,4,3,5,3
236,1,1,2,1,2,1,2,1
237,2,1,2,2,3,1,1,1
238,2,2,3,2,2,2,2,2
239,1,3,2,3,2,1,3,1
240,1,2,2,1,1,1,4,3
241,2,3,1,2,3,1,1,1
242,3,1,2,2,2,1,2,2
243,1,2,2,3,2,1,3,1
244,2,3,2,5,5,3,5,5
245,4,4,3,5,3,5,4,2
246,3,5,3,4,4,4,4,2
247,1,3,3,4,3,2,4,4
248,4,4,3,4,4,3,4,3
249,3,4,4,4,2,3,5,3
250,1,1,3,2,2,1,1,2
